vm,script,mean_ns,median_ns,min_ns,max_ns,stddev_ns,iterations
haskell,auction_1-1,102145,102145,102091,102299,344,0
haskell,auction_1-2,347787,347787,343849,355091,23218,0
haskell,auction_1-3,341652,341652,338712,348777,18984,0
haskell,auction_1-4,132871,132871,132813,132932,249,0
haskell,auction_2-1,105277,105277,103706,108380,9389,0
haskell,auction_2-2,346373,346373,342837,353510,21095,0
haskell,auction_2-3,443814,443814,443085,446606,5101,0
haskell,auction_2-4,345733,345733,339453,354071,31546,0
haskell,auction_2-5,135173,135173,133515,138870,10064,0
haskell,coop-1,140927,140927,140892,140981,181,0
haskell,coop-2,461515,461515,450416,478606,56602,0
haskell,coop-3,1256384,1256384,1237977,1288959,101660,0
haskell,coop-4,563334,563334,562311,564104,3783,0
haskell,coop-5,260897,260897,253833,270588,36132,0
haskell,coop-6,418977,418977,411944,431189,39068,0
haskell,coop-7,196229,196229,196166,196333,352,0
haskell,crowdfunding-success-1,136539,136539,132405,141287,20231,0
haskell,crowdfunding-success-2,127317,127317,125089,130936,12196,0
haskell,crowdfunding-success-3,123963,123963,123306,127180,5161,0
haskell,currency-1,135824,135824,135767,135908,303,0
haskell,escrow-redeem_1-1,208755,208755,203109,215837,26019,0
haskell,escrow-redeem_1-2,196854,196854,195107,201676,10792,0
haskell,escrow-redeem_2-1,223550,223550,223435,223705,575,0
haskell,escrow-redeem_2-2,230518,230518,226376,236330,22208,0
haskell,escrow-redeem_2-3,225244,225244,223289,230659,12175,0
haskell,escrow-refund-1,91963,91963,91326,93848,4263,0
haskell,future-increase-margin-1,135350,135350,135290,135473,369,0
haskell,future-increase-margin-2,289358,289358,286972,295069,15863,0
haskell,future-increase-margin-3,288808,288808,286439,295021,14138,0
haskell,future-increase-margin-4,265820,265820,265468,266377,1883,0
haskell,future-increase-margin-5,455928,455928,452287,465263,24147,0
haskell,future-pay-out-1,136789,136789,135817,139739,6242,0
haskell,future-pay-out-2,284846,284846,284685,285202,1010,0
haskell,future-pay-out-3,290926,290926,287702,297808,19181,0
haskell,future-pay-out-4,457430,457430,453729,465217,23551,0
haskell,future-settle-early-1,135756,135756,135656,135961,642,0
haskell,future-settle-early-2,291304,291304,287522,297760,20646,0
haskell,future-settle-early-3,288127,288127,285637,293735,16700,0
haskell,future-settle-early-4,343861,343861,343339,345079,3208,0
haskell,game-sm-success_1-1,220372,220372,217720,225817,15584,0
haskell,game-sm-success_1-2,116945,116945,115899,119568,6748,0
haskell,game-sm-success_1-3,339788,339788,339512,340386,1731,0
haskell,game-sm-success_1-4,136005,136005,134149,139492,11081,0
haskell,game-sm-success_2-1,219394,219394,217364,223739,12861,0
haskell,game-sm-success_2-2,115402,115402,115369,115459,184,0
haskell,game-sm-success_2-3,349082,349082,343871,357225,28876,0
haskell,game-sm-success_2-4,135130,135130,133436,138627,9796,0
haskell,game-sm-success_2-5,339604,339604,339396,340120,1286,0
haskell,game-sm-success_2-6,138595,138595,135778,143013,14542,0
haskell,guardrail-sorted-large,267596,267596,263884,274528,20431,0
haskell,guardrail-sorted-small,45326,45326,45292,45419,213,0
haskell,guardrail-unsorted-large,389472,389472,377519,404167,58104,0
haskell,guardrail-unsorted-small,45232,45232,44393,46600,4434,0
haskell,multisig-sm-01,218922,218922,218819,219102,554,0
haskell,multisig-sm-02,225703,225703,221465,231953,23352,0
haskell,multisig-sm-03,221196,221196,217214,227066,20727,0
haskell,multisig-sm-04,216189,216189,215298,220152,6763,0
haskell,multisig-sm-05,299357,299357,299201,299616,836,0
haskell,multisig-sm-06,231780,231780,226780,238468,25268,0
haskell,multisig-sm-07,217252,217252,215589,220723,9968,0
haskell,multisig-sm-08,219177,219177,218423,221442,5011,0
haskell,multisig-sm-09,234988,234988,228890,243944,30345,0
haskell,multisig-sm-10,302487,302487,300017,308733,14880,0
haskell,ping-pong-1,180677,180677,180590,180793,412,0
haskell,ping-pong-2,198623,198623,192337,205429,28867,0
haskell,ping-pong_2-1,115895,115895,114907,118414,6032,0
haskell,prism-1,96535,96535,96253,97617,2294,0
haskell,prism-2,223729,223729,223629,223892,534,0
haskell,prism-3,203745,203745,201896,207970,11990,0
haskell,pubkey-1,84342,84342,83608,86223,4385,0
haskell,stablecoin_1-1,548634,548634,548342,549161,1703,0
haskell,stablecoin_1-2,114723,114723,113584,117262,7148,0
haskell,stablecoin_1-3,630557,630557,626142,642918,27571,0
haskell,stablecoin_1-4,120289,120289,120246,120354,230,0
haskell,stablecoin_1-5,799627,799627,791322,816509,49153,0
haskell,stablecoin_1-6,149841,149841,148407,153943,9584,0
haskell,stablecoin_2-1,548566,548566,548258,548957,1519,0
haskell,stablecoin_2-2,115655,115655,114146,118552,8743,0
haskell,stablecoin_2-3,633771,633771,627408,647842,39535,0
haskell,stablecoin_2-4,119866,119866,119794,120035,450,0
haskell,token-account-1,107595,107595,105932,110374,9231,0
haskell,token-account-2,181348,181348,179419,185687,12209,0
haskell,uniswap-1,209564,209564,209474,209676,430,0
haskell,uniswap-2,128515,128515,126273,132797,12540,0
haskell,uniswap-3,968043,968043,955247,989737,69393,0
haskell,uniswap-4,188720,188720,188627,188875,505,0
haskell,uniswap-5,669098,669098,655139,689530,70975,0
haskell,uniswap-6,183001,183001,180459,187808,14346,0
haskell,vesting-1,190333,190333,190118,191095,1610,0
