Name,Mean,MeanLB,MeanUB,Stddev,StddevLB,StddevUB
auction_1-1,1.0214506358322082e-4,1.0209121902356383e-4,1.0229931620708659e-4,3.4497874341310454e-7,1.5871170568141788e-7,7.167753338619005e-7
auction_1-2,3.477871792038859e-4,3.438496907384818e-4,3.5509182880536915e-4,2.3218081425803834e-5,1.3089497538774108e-5,3.414550516441188e-5
auction_1-3,3.4165234342225565e-4,3.387128884612397e-4,3.487775646140869e-4,1.8984319565398615e-5,9.86690913826097e-6,3.2048401136006114e-5
auction_1-4,1.328717744023602e-4,1.3281308826331066e-4,1.329322483183122e-4,2.497211487662554e-7,2.0347038112481897e-7,3.249121080991307e-7
auction_2-1,1.052779309259078e-4,1.0370605789694814e-4,1.0838063082645015e-4,9.38913834203135e-6,6.067425299979173e-6,1.2788179638755672e-5
auction_2-2,3.463736227963211e-4,3.428375431744828e-4,3.535104218894798e-4,2.109517936840725e-5,1.0252483227146243e-5,3.2645193790040164e-5
auction_2-3,4.438147008467288e-4,4.4308576578640794e-4,4.4660676532001846e-4,5.101420629031981e-6,2.1325387642463586e-6,1.0965735623662858e-5
auction_2-4,3.4573359301158437e-4,3.3945388108958647e-4,3.5407148665660235e-4,3.154690872242475e-5,2.166284089660435e-5,4.08278644217133e-5
auction_2-5,1.3517327087719287e-4,1.3351588896333175e-4,1.3887033684776477e-4,1.0064736919751367e-5,5.649454745668734e-6,1.5606183257411195e-5
coop-1,1.4092708567256518e-4,1.4089215906618933e-4,1.4098143012813917e-4,1.819953866601642e-7,1.4083335059715823e-7,2.761324947853257e-7
coop-2,4.6151511648847654e-4,4.50416145899631e-4,4.786064167486016e-4,5.660258580464078e-5,4.143359591207469e-5,7.057344273760094e-5
coop-3,1.2563843353089416e-3,1.237977410751466e-3,1.2889598826792785e-3,1.016609024778901e-4,5.468691228228243e-5,1.5025612617012324e-4
coop-4,5.633341239546065e-4,5.623111942856543e-4,5.641049580863512e-4,3.783287728178689e-6,3.1798926803035672e-6,4.4596246584552335e-6
coop-5,2.608974971851134e-4,2.5383354391600275e-4,2.7058804241482365e-4,3.6132853782498285e-5,2.9648096602632823e-5,4.134518737354191e-5
coop-6,4.1897779262707835e-4,4.119448297422142e-4,4.3118908055843124e-4,3.906825286807834e-5,2.4020553514180373e-5,5.523847144200294e-5
coop-7,1.962290326007874e-4,1.961669289203387e-4,1.9633349383781648e-4,3.527891911648475e-7,2.3254039547589346e-7,5.435047482004403e-7
crowdfunding-success-1,1.3653902305580905e-4,1.3240516911886002e-4,1.4128766225797023e-4,2.023163541486503e-5,1.7942412860865696e-5,2.3058782413450965e-5
crowdfunding-success-2,1.273179923247262e-4,1.2508919891959103e-4,1.3093682675453225e-4,1.2196508744823612e-5,8.443212885083519e-6,1.6050289542927127e-5
crowdfunding-success-3,1.2396307402277016e-4,1.2330610881180823e-4,1.2718083062658288e-4,5.1616281951537955e-6,1.2107479340615104e-6,1.187398642231694e-5
currency-1,1.358241418884213e-4,1.3576700893191886e-4,1.3590841456701143e-4,3.0347856201930974e-7,2.3511184864360898e-7,4.3514087220867705e-7
escrow-redeem_1-1,2.087555700753343e-4,2.0310952776156452e-4,2.1583760443702596e-4,2.601995617910042e-5,2.1035266900740618e-5,3.04817336563029e-5
escrow-redeem_1-2,1.968547628196822e-4,1.9510795789528732e-4,2.0167654109961726e-4,1.0792906415358272e-5,1.8582072952166127e-6,1.9660004558487558e-5
escrow-redeem_2-1,2.2355029708824733e-4,2.234358578843594e-4,2.2370570183569862e-4,5.751221249109074e-7,4.7364682742838367e-7,7.443792080996095e-7
escrow-redeem_2-2,2.3051871313541878e-4,2.2637695079641212e-4,2.363305234743455e-4,2.2208695273640722e-5,1.4862531247125673e-5,2.861827895539752e-5
escrow-redeem_2-3,2.2524434723493033e-4,2.2328951642854074e-4,2.3065916176275827e-4,1.217537304604532e-5,2.382887615153529e-6,2.235263962489249e-5
escrow-refund-1,9.196336928594953e-5,9.13268306876667e-5,9.384880065316924e-5,4.263619654207093e-6,1.6784531857098594e-6,8.513917880597427e-6
future-increase-margin-1,1.3535073227874555e-4,1.352900432840086e-4,1.3547365518692646e-4,3.690189497978705e-7,2.4132480483603015e-7,6.239357996934177e-7
future-increase-margin-2,2.893582507742837e-4,2.869720988083974e-4,2.950690782465354e-4,1.5863667577437215e-5,8.481647539700646e-6,2.5976097591083367e-5
future-increase-margin-3,2.8880897791772747e-4,2.864390454692664e-4,2.9502199726236597e-4,1.4138528855331524e-5,7.709288082488498e-7,2.6051185429549508e-5
future-increase-margin-4,2.658206839097935e-4,2.654685783155633e-4,2.663772913301792e-4,1.8832750182690615e-6,1.3121929645038952e-6,2.7769160486706284e-6
future-increase-margin-5,4.559284263106125e-4,4.522878883977361e-4,4.6526376914106523e-4,2.414726996684014e-5,1.1656297326533826e-5,4.251006218401946e-5
future-pay-out-1,1.3678926192203672e-4,1.358175558011563e-4,1.397390001656164e-4,6.242618156750865e-6,2.54749267360161e-6,1.2465502530728664e-5
future-pay-out-2,2.8484608247418916e-4,2.8468507381272185e-4,2.852025963199734e-4,1.0103827759551438e-6,5.773207520558766e-7,1.8456030572715839e-6
future-pay-out-3,2.9092630366775067e-4,2.877021012069251e-4,2.9780856423325077e-4,1.9181511421284992e-5,1.038449151078211e-5,3.0293491371343977e-5
future-pay-out-4,4.574308940924934e-4,4.5372986564446615e-4,4.6521785558201266e-4,2.3551145211012013e-5,1.1161200789376616e-5,3.807987510249797e-5
future-settle-early-1,1.3575690903898778e-4,1.3565607134472064e-4,1.3596189523795187e-4,6.424232290855084e-7,3.6513747587839445e-7,1.0959089948668838e-6
future-settle-early-2,2.913048706581316e-4,2.875229139490697e-4,2.9776097310092666e-4,2.0646639831952996e-5,1.137358328701356e-5,3.045351831802692e-5
future-settle-early-3,2.8812741055557624e-4,2.8563710475531807e-4,2.937351610691129e-4,1.670042745068294e-5,8.698462915919166e-6,2.656573866467902e-5
future-settle-early-4,3.438618978152728e-4,3.433393147350211e-4,3.450796114669113e-4,3.2085353280848787e-6,1.5673561373744206e-6,5.752508748783749e-6
game-sm-success_1-1,2.203722065667954e-4,2.1772010986241544e-4,2.2581740037065043e-4,1.5584169748712647e-5,8.901394524848749e-6,2.3034229165935184e-5
game-sm-success_1-2,1.1694570645488415e-4,1.1589926844091686e-4,1.195684190327184e-4,6.748238264565318e-6,2.2535492699285662e-6,1.1995894813175667e-5
game-sm-success_1-3,3.397881816966013e-4,3.395121806072982e-4,3.403861762024633e-4,1.7314340313032193e-6,8.267740531711092e-7,3.122568217030699e-6
game-sm-success_1-4,1.3600563374371858e-4,1.3414906758681697e-4,1.3949226356637376e-4,1.1081300164317433e-5,7.141701875906823e-6,1.5831040397811234e-5
game-sm-success_2-1,2.1939432972849083e-4,2.1736401981768937e-4,2.237392690902265e-4,1.2861724176205215e-5,6.163490128237621e-6,2.062169627705503e-5
game-sm-success_2-2,1.1540240391993853e-4,1.1536927264951049e-4,1.1545935656267581e-4,1.847931634333665e-7,1.2945728490699194e-7,2.588915239384188e-7
game-sm-success_2-3,3.4908281026298227e-4,3.4387122558189045e-4,3.5722596128567153e-4,2.8876373366983597e-5,1.8235550439472855e-5,3.8890648732389573e-5
game-sm-success_2-4,1.3513047962201372e-4,1.3343619054358806e-4,1.386270466170024e-4,9.796044519170308e-6,5.685354034495674e-6,1.5766637369717085e-5
game-sm-success_2-5,3.396049425583723e-4,3.39396108372627e-4,3.4012039052820907e-4,1.2865475754854947e-6,6.136049061497663e-7,2.8288846421093533e-6
game-sm-success_2-6,1.3859535373903645e-4,1.357789915340157e-4,1.4301314388607644e-4,1.4542346705491118e-5,1.0399015982025392e-5,1.8538306185771566e-5
guardrail-sorted-large,2.6759622607397155e-4,2.638846227662595e-4,2.745281081137974e-4,2.0431913638831126e-5,1.0495926025537757e-5,3.0318816546729253e-5
guardrail-sorted-small,4.53264619860802e-5,4.5292417748563734e-5,4.5419319868443764e-5,2.1353363945086918e-7,1.0129686491568392e-7,4.3891912827896906e-7
guardrail-unsorted-large,3.8947264185931497e-4,3.775193832852195e-4,4.041675770572605e-4,5.8104010645248874e-5,4.7442417256406656e-5,6.644217722751074e-5
guardrail-unsorted-small,4.5232765112316267e-5,4.43930143081997e-5,4.660065655461865e-5,4.434481702139373e-6,2.8132356077459515e-6,6.033616169769186e-6
multisig-sm-01,2.189229646757259e-4,2.1881916148500232e-4,2.1910240533809278e-4,5.540903772719795e-7,4.0007346091180234e-7,8.614193902073345e-7
multisig-sm-02,2.257035069243276e-4,2.2146543005761575e-4,2.3195397576943887e-4,2.33526143862739e-5,1.7595893727210805e-5,2.9173057426522234e-5
multisig-sm-03,2.2119625268197886e-4,2.1721450696285684e-4,2.2706673851453438e-4,2.0727302765950396e-5,1.3962606859052059e-5,2.6493498476730062e-5
multisig-sm-04,2.161895244077667e-4,2.1529859121672363e-4,2.201520108051691e-4,6.763644057770291e-6,9.639405816736952e-7,1.5720501584864713e-5
multisig-sm-05,2.9935734499108316e-4,2.992011622749491e-4,2.9961673546728814e-4,8.365303486402414e-7,6.144059106585642e-7,1.1547944124891598e-6
multisig-sm-06,2.3178057996377937e-4,2.2678019999987877e-4,2.384685203751476e-4,2.5268281032544617e-5,2.001037530432911e-5,2.961733768930432e-5
multisig-sm-07,2.1725212975809544e-4,2.1558911501518178e-4,2.2072376799098367e-4,9.968197739166763e-6,8.498118547936342e-7,1.7464080655775835e-5
multisig-sm-08,2.191779647928422e-4,2.1842362503038428e-4,2.2144258804092005e-4,5.011351371057789e-6,1.987133481638363e-6,1.0676363371348535e-5
multisig-sm-09,2.3498876530835862e-4,2.2889002971504833e-4,2.439440593997622e-4,3.034550042571362e-5,2.6431844990336262e-5,3.298089942948419e-5
multisig-sm-10,3.024879221647073e-4,3.000170413696638e-4,3.087339583364064e-4,1.4880694752511824e-5,2.444090261638105e-6,2.6887505200341822e-5
ping-pong-1,1.806772570264288e-4,1.8059030820528706e-4,1.8079328850548483e-4,4.1201456477420625e-7,3.122252112698538e-7,5.733410703656039e-7
ping-pong-2,1.9862368268052717e-4,1.923376979471322e-4,2.0542911370320652e-4,2.886788723428925e-5,2.4911446727992894e-5,3.659246422223698e-5
ping-pong_2-1,1.1589563096968224e-4,1.149079045168271e-4,1.1841428040667566e-4,6.03264865408001e-6,1.49060709379023e-6,1.0780013158597814e-5
prism-1,9.653545482447151e-5,9.625373117473271e-5,9.761782943974048e-5,2.2944528471802016e-6,1.0782018382357447e-7,4.977834866319472e-6
prism-2,2.2372916185393286e-4,2.236296606236436e-4,2.2389258198571245e-4,5.346294970080051e-7,3.718518964026546e-7,8.602610796236992e-7
prism-3,2.037452167555231e-4,2.0189602086273325e-4,2.0797015986046794e-4,1.1990237971441645e-5,5.244347734361261e-6,1.9788696754139703e-5
pubkey-1,8.434212061435361e-5,8.360811224898623e-5,8.62235937197596e-5,4.385116294222709e-6,2.6951727499659134e-7,8.423998140565582e-6
stablecoin_1-1,5.486346591871222e-4,5.483425047609744e-4,5.491610595885482e-4,1.7031457318252225e-6,9.312468784348527e-7,3.1617396396434914e-6
stablecoin_1-2,1.1472336492764163e-4,1.1358488311618012e-4,1.1726207078756348e-4,7.1486140537895885e-6,3.1403310287774828e-6,1.3591843606744362e-5
stablecoin_1-3,6.305579295407645e-4,6.261425538611516e-4,6.429184321286814e-4,2.7571471710866017e-5,1.2161387586523204e-5,5.141307622045318e-5
stablecoin_1-4,1.2028972628297857e-4,1.2024676630847333e-4,1.2035481484385376e-4,2.3094606594213522e-7,1.824229605958516e-7,2.9989890348680394e-7
stablecoin_1-5,7.996278777839384e-4,7.913223597616222e-4,8.165093872121777e-4,4.9153079852902186e-5,2.8336066522372833e-5,7.647799170664213e-5
stablecoin_1-6,1.4984106687877374e-4,1.484076629064669e-4,1.5394382250358003e-4,9.584701308038006e-6,4.619258221894741e-6,1.6717145019250585e-5
stablecoin_2-1,5.485661466080756e-4,5.48258673795592e-4,5.489578555146738e-4,1.5197514990148387e-6,1.1823784662756357e-6,2.06710983042627e-6
stablecoin_2-2,1.1565510725325888e-4,1.1414646170732653e-4,1.1855271189121469e-4,8.743803116807091e-6,5.0404115537246265e-6,1.2908620023324692e-5
stablecoin_2-3,6.337715633557845e-4,6.274086966366679e-4,6.478425383036979e-4,3.9535269402415185e-5,2.0176097626931216e-5,6.42401908937294e-5
stablecoin_2-4,1.1986625096163862e-4,1.1979464445910061e-4,1.200358883715695e-4,4.504896483736586e-7,2.053757922414895e-7,9.404060609299408e-7
token-account-1,1.0759548469358819e-4,1.0593262740988858e-4,1.1037480518756716e-4,9.23155852633057e-6,5.980765845533959e-6,1.2791535741259334e-5
token-account-2,1.8134838639413518e-4,1.794199648455857e-4,1.8568791308812036e-4,1.2209624962340081e-5,5.860096132945497e-6,1.9205116713605834e-5
uniswap-1,2.095645330253218e-4,2.0947454847398083e-4,2.0967611409705424e-4,4.3011231856291763e-7,3.1191347875896604e-7,5.825417939093464e-7
uniswap-2,1.2851531222632018e-4,1.2627357501907962e-4,1.3279744473516887e-4,1.254061954633752e-5,8.951745432648562e-6,1.646992415359217e-5
uniswap-3,9.680437368968762e-4,9.552479634656385e-4,9.897378841510435e-4,6.939320697966869e-5,3.955664395809891e-5,1.0582992356392097e-4
uniswap-4,1.8872090884139257e-4,1.8862761006784823e-4,1.88875960580061e-4,5.055657551436089e-7,3.1956268554242824e-7,8.177600651497106e-7
uniswap-5,6.690989233375098e-4,6.551395377990202e-4,6.895300148107373e-4,7.097590160347758e-5,5.175659716739438e-5,8.919536563287161e-5
uniswap-6,1.8300108825439223e-4,1.8045976138079966e-4,1.87808207536866e-4,1.4346935782302419e-5,7.838638184362188e-6,2.1267279315746488e-5
vesting-1,1.903336721811005e-4,1.9011888633210433e-4,1.9109525211967874e-4,1.6109915272250255e-6,4.149746084948363e-7,3.389713280079961e-6
