"Benchmark","Mode","Threads","Samples","Score","Score Error (99.9%)","Unit","Param: file"
"scalus.uplc.eval.CekJVMBenchmark.bench","avgt",1,1,176.202235,NaN,"us/op",auction_1-1.flat
"scalus.uplc.eval.CekJVMBenchmark.bench","avgt",1,1,740.255299,NaN,"us/op",auction_1-2.flat
"scalus.uplc.eval.CekJVMBenchmark.bench","avgt",1,1,726.837026,NaN,"us/op",auction_1-3.flat
"scalus.uplc.eval.CekJVMBenchmark.bench","avgt",1,1,219.264518,NaN,"us/op",auction_1-4.flat
"scalus.uplc.eval.CekJVMBenchmark.bench","avgt",1,1,198.530868,NaN,"us/op",auction_2-1.flat
"scalus.uplc.eval.CekJVMBenchmark.bench","avgt",1,1,719.954857,NaN,"us/op",auction_2-2.flat
"scalus.uplc.eval.CekJVMBenchmark.bench","avgt",1,1,949.341136,NaN,"us/op",auction_2-3.flat
"scalus.uplc.eval.CekJVMBenchmark.bench","avgt",1,1,718.778175,NaN,"us/op",auction_2-4.flat
"scalus.uplc.eval.CekJVMBenchmark.bench","avgt",1,1,214.593361,NaN,"us/op",auction_2-5.flat
"scalus.uplc.eval.CekJVMBenchmark.bench","avgt",1,1,219.120423,NaN,"us/op",coop-1.flat
"scalus.uplc.eval.CekJVMBenchmark.bench","avgt",1,1,753.000298,NaN,"us/op",coop-2.flat
"scalus.uplc.eval.CekJVMBenchmark.bench","avgt",1,1,2515.324401,NaN,"us/op",coop-3.flat
"scalus.uplc.eval.CekJVMBenchmark.bench","avgt",1,1,935.683386,NaN,"us/op",coop-4.flat
"scalus.uplc.eval.CekJVMBenchmark.bench","avgt",1,1,443.501966,NaN,"us/op",coop-5.flat
"scalus.uplc.eval.CekJVMBenchmark.bench","avgt",1,1,656.261232,NaN,"us/op",coop-6.flat
"scalus.uplc.eval.CekJVMBenchmark.bench","avgt",1,1,292.258510,NaN,"us/op",coop-7.flat
"scalus.uplc.eval.CekJVMBenchmark.bench","avgt",1,1,199.966686,NaN,"us/op",crowdfunding-success-1.flat
"scalus.uplc.eval.CekJVMBenchmark.bench","avgt",1,1,201.311770,NaN,"us/op",crowdfunding-success-2.flat
"scalus.uplc.eval.CekJVMBenchmark.bench","avgt",1,1,203.067068,NaN,"us/op",crowdfunding-success-3.flat
"scalus.uplc.eval.CekJVMBenchmark.bench","avgt",1,1,260.373236,NaN,"us/op",currency-1.flat
"scalus.uplc.eval.CekJVMBenchmark.bench","avgt",1,1,357.835141,NaN,"us/op",escrow-redeem_1-1.flat
"scalus.uplc.eval.CekJVMBenchmark.bench","avgt",1,1,408.951757,NaN,"us/op",escrow-redeem_1-2.flat
"scalus.uplc.eval.CekJVMBenchmark.bench","avgt",1,1,418.135451,NaN,"us/op",escrow-redeem_2-1.flat
"scalus.uplc.eval.CekJVMBenchmark.bench","avgt",1,1,418.568363,NaN,"us/op",escrow-redeem_2-2.flat
"scalus.uplc.eval.CekJVMBenchmark.bench","avgt",1,1,416.858015,NaN,"us/op",escrow-redeem_2-3.flat
"scalus.uplc.eval.CekJVMBenchmark.bench","avgt",1,1,149.637903,NaN,"us/op",escrow-refund-1.flat
"scalus.uplc.eval.CekJVMBenchmark.bench","avgt",1,1,258.503312,NaN,"us/op",future-increase-margin-1.flat
"scalus.uplc.eval.CekJVMBenchmark.bench","avgt",1,1,644.607163,NaN,"us/op",future-increase-margin-2.flat
"scalus.uplc.eval.CekJVMBenchmark.bench","avgt",1,1,571.301456,NaN,"us/op",future-increase-margin-3.flat
"scalus.uplc.eval.CekJVMBenchmark.bench","avgt",1,1,534.403082,NaN,"us/op",future-increase-margin-4.flat
"scalus.uplc.eval.CekJVMBenchmark.bench","avgt",1,1,964.248211,NaN,"us/op",future-increase-margin-5.flat
"scalus.uplc.eval.CekJVMBenchmark.bench","avgt",1,1,259.854224,NaN,"us/op",future-pay-out-1.flat
"scalus.uplc.eval.CekJVMBenchmark.bench","avgt",1,1,573.386106,NaN,"us/op",future-pay-out-2.flat
"scalus.uplc.eval.CekJVMBenchmark.bench","avgt",1,1,572.779344,NaN,"us/op",future-pay-out-3.flat
"scalus.uplc.eval.CekJVMBenchmark.bench","avgt",1,1,919.187520,NaN,"us/op",future-pay-out-4.flat
"scalus.uplc.eval.CekJVMBenchmark.bench","avgt",1,1,268.007543,NaN,"us/op",future-settle-early-1.flat
"scalus.uplc.eval.CekJVMBenchmark.bench","avgt",1,1,648.209479,NaN,"us/op",future-settle-early-2.flat
"scalus.uplc.eval.CekJVMBenchmark.bench","avgt",1,1,573.893485,NaN,"us/op",future-settle-early-3.flat
"scalus.uplc.eval.CekJVMBenchmark.bench","avgt",1,1,676.857842,NaN,"us/op",future-settle-early-4.flat
"scalus.uplc.eval.CekJVMBenchmark.bench","avgt",1,1,402.721511,NaN,"us/op",game-sm-success_1-1.flat
"scalus.uplc.eval.CekJVMBenchmark.bench","avgt",1,1,192.646473,NaN,"us/op",game-sm-success_1-2.flat
"scalus.uplc.eval.CekJVMBenchmark.bench","avgt",1,1,691.238159,NaN,"us/op",game-sm-success_1-3.flat
"scalus.uplc.eval.CekJVMBenchmark.bench","avgt",1,1,234.634659,NaN,"us/op",game-sm-success_1-4.flat
"scalus.uplc.eval.CekJVMBenchmark.bench","avgt",1,1,409.764544,NaN,"us/op",game-sm-success_2-1.flat
"scalus.uplc.eval.CekJVMBenchmark.bench","avgt",1,1,220.311513,NaN,"us/op",game-sm-success_2-2.flat
"scalus.uplc.eval.CekJVMBenchmark.bench","avgt",1,1,681.335368,NaN,"us/op",game-sm-success_2-3.flat
"scalus.uplc.eval.CekJVMBenchmark.bench","avgt",1,1,226.717019,NaN,"us/op",game-sm-success_2-4.flat
"scalus.uplc.eval.CekJVMBenchmark.bench","avgt",1,1,691.511232,NaN,"us/op",game-sm-success_2-5.flat
"scalus.uplc.eval.CekJVMBenchmark.bench","avgt",1,1,224.588102,NaN,"us/op",game-sm-success_2-6.flat
"scalus.uplc.eval.CekJVMBenchmark.bench","avgt",1,1,437.017035,NaN,"us/op",guardrail-sorted-large.flat
"scalus.uplc.eval.CekJVMBenchmark.bench","avgt",1,1,74.090252,NaN,"us/op",guardrail-sorted-small.flat
"scalus.uplc.eval.CekJVMBenchmark.bench","avgt",1,1,643.895114,NaN,"us/op",guardrail-unsorted-large.flat
"scalus.uplc.eval.CekJVMBenchmark.bench","avgt",1,1,68.353286,NaN,"us/op",guardrail-unsorted-small.flat
"scalus.uplc.eval.CekJVMBenchmark.bench","avgt",1,1,478.210186,NaN,"us/op",multisig-sm-01.flat
"scalus.uplc.eval.CekJVMBenchmark.bench","avgt",1,1,406.135753,NaN,"us/op",multisig-sm-02.flat
"scalus.uplc.eval.CekJVMBenchmark.bench","avgt",1,1,407.874428,NaN,"us/op",multisig-sm-03.flat
"scalus.uplc.eval.CekJVMBenchmark.bench","avgt",1,1,418.668701,NaN,"us/op",multisig-sm-04.flat
"scalus.uplc.eval.CekJVMBenchmark.bench","avgt",1,1,618.104331,NaN,"us/op",multisig-sm-05.flat
"scalus.uplc.eval.CekJVMBenchmark.bench","avgt",1,1,422.931914,NaN,"us/op",multisig-sm-06.flat
"scalus.uplc.eval.CekJVMBenchmark.bench","avgt",1,1,467.352377,NaN,"us/op",multisig-sm-07.flat
"scalus.uplc.eval.CekJVMBenchmark.bench","avgt",1,1,418.894941,NaN,"us/op",multisig-sm-08.flat
"scalus.uplc.eval.CekJVMBenchmark.bench","avgt",1,1,420.006500,NaN,"us/op",multisig-sm-09.flat
"scalus.uplc.eval.CekJVMBenchmark.bench","avgt",1,1,620.967212,NaN,"us/op",multisig-sm-10.flat
"scalus.uplc.eval.CekJVMBenchmark.bench","avgt",1,1,354.161639,NaN,"us/op",ping-pong-1.flat
"scalus.uplc.eval.CekJVMBenchmark.bench","avgt",1,1,357.518076,NaN,"us/op",ping-pong-2.flat
"scalus.uplc.eval.CekJVMBenchmark.bench","avgt",1,1,208.871909,NaN,"us/op",ping-pong_2-1.flat
"scalus.uplc.eval.CekJVMBenchmark.bench","avgt",1,1,160.279340,NaN,"us/op",prism-1.flat
"scalus.uplc.eval.CekJVMBenchmark.bench","avgt",1,1,498.219190,NaN,"us/op",prism-2.flat
"scalus.uplc.eval.CekJVMBenchmark.bench","avgt",1,1,387.596567,NaN,"us/op",prism-3.flat
"scalus.uplc.eval.CekJVMBenchmark.bench","avgt",1,1,135.967114,NaN,"us/op",pubkey-1.flat
"scalus.uplc.eval.CekJVMBenchmark.bench","avgt",1,1,1026.818757,NaN,"us/op",stablecoin_1-1.flat
"scalus.uplc.eval.CekJVMBenchmark.bench","avgt",1,1,194.389222,NaN,"us/op",stablecoin_1-2.flat
"scalus.uplc.eval.CekJVMBenchmark.bench","avgt",1,1,1166.676519,NaN,"us/op",stablecoin_1-3.flat
"scalus.uplc.eval.CekJVMBenchmark.bench","avgt",1,1,200.374229,NaN,"us/op",stablecoin_1-4.flat
"scalus.uplc.eval.CekJVMBenchmark.bench","avgt",1,1,1438.793841,NaN,"us/op",stablecoin_1-5.flat
"scalus.uplc.eval.CekJVMBenchmark.bench","avgt",1,1,249.729394,NaN,"us/op",stablecoin_1-6.flat
"scalus.uplc.eval.CekJVMBenchmark.bench","avgt",1,1,1130.252565,NaN,"us/op",stablecoin_2-1.flat
"scalus.uplc.eval.CekJVMBenchmark.bench","avgt",1,1,190.127548,NaN,"us/op",stablecoin_2-2.flat
"scalus.uplc.eval.CekJVMBenchmark.bench","avgt",1,1,1170.121159,NaN,"us/op",stablecoin_2-3.flat
"scalus.uplc.eval.CekJVMBenchmark.bench","avgt",1,1,198.678595,NaN,"us/op",stablecoin_2-4.flat
"scalus.uplc.eval.CekJVMBenchmark.bench","avgt",1,1,194.752839,NaN,"us/op",token-account-1.flat
"scalus.uplc.eval.CekJVMBenchmark.bench","avgt",1,1,340.700295,NaN,"us/op",token-account-2.flat
"scalus.uplc.eval.CekJVMBenchmark.bench","avgt",1,1,472.056444,NaN,"us/op",uniswap-1.flat
"scalus.uplc.eval.CekJVMBenchmark.bench","avgt",1,1,231.123718,NaN,"us/op",uniswap-2.flat
"scalus.uplc.eval.CekJVMBenchmark.bench","avgt",1,1,1976.849729,NaN,"us/op",uniswap-3.flat
"scalus.uplc.eval.CekJVMBenchmark.bench","avgt",1,1,325.382577,NaN,"us/op",uniswap-4.flat
"scalus.uplc.eval.CekJVMBenchmark.bench","avgt",1,1,1158.258853,NaN,"us/op",uniswap-5.flat
"scalus.uplc.eval.CekJVMBenchmark.bench","avgt",1,1,305.926073,NaN,"us/op",uniswap-6.flat
"scalus.uplc.eval.CekJVMBenchmark.bench","avgt",1,1,371.258835,NaN,"us/op",vesting-1.flat
