vm,script,mean_ns,median_ns,min_ns,max_ns,stddev_ns,iterations
blaze-jsc,auction_1-1,631600,631600,571200,1283200,7010,792
blaze-v8,auction_1-1,640000,640000,575300,1303000,7231,782
chrysalis,auction_1-1,205711,206094,204897,206141,705,3
chrysalis-aot,auction_1-1,248370,248897,245023,251191,3117,3
haskell,auction_1-1,101594,101594,100555,103930,6440,0
julc-java,auction_1-1,127085,127085,127085,127085,0,1
llvm-uplc-jit,auction_1-1,50687,50264,48586,562416,2196,98534
opshin,auction_1-1,80150000,80150000,77600000,102860000,6670000,25
plutigo,auction_1-1,124467,124467,0,0,0,52870
plutuz,auction_1-1,189761,188979,185289,286551,4216,10000
scalus-cek,auction_1-1,142335,142335,142335,142335,0,1
scalus-jit,auction_1-1,53401,53401,53401,53401,0,1
uplc-turbo,auction_1-1,134998,131236,129023,175449,10647,100
uplc-turbo-bc,auction_1-1,96096,96008,95131,102229,781,100
blaze-jsc,auction_1-2,1959200,1959200,1698100,2553700,34873,256
blaze-v8,auction_1-2,1986400,1986400,1731100,2558300,34762,252
chrysalis,auction_1-2,737494,738772,734759,738953,2370,3
chrysalis-aot,auction_1-2,867564,870705,853080,878909,13197,3
haskell,auction_1-2,347067,347067,346716,347732,1974,0
julc-java,auction_1-2,422831,422831,422831,422831,0,1
llvm-uplc-jit,auction_1-2,201864,200439,190950,325743,3793,24762
opshin,auction_1-2,292600000,292600000,283390000,316340000,11920000,20
plutigo,auction_1-2,386433,386433,0,0,0,15506
plutuz,auction_1-2,600797,599307,590458,1001959,8866,8323
scalus-cek,auction_1-2,629690,629690,629690,629690,0,1
scalus-jit,auction_1-2,1350660,1350660,1350660,1350660,0,1
uplc-turbo,auction_1-2,384325,384095,370293,405332,4229,100
uplc-turbo-bc,auction_1-2,282634,281943,279534,297987,2674,100
blaze-jsc,auction_1-3,1966900,1966900,1694700,2607100,35207,255
blaze-v8,auction_1-3,2000800,2000800,1726900,2552500,35614,250
chrysalis,auction_1-3,748995,749263,748253,749469,650,3
chrysalis-aot,auction_1-3,844888,843611,843356,847696,2435,3
haskell,auction_1-3,350963,350963,346094,359037,27805,0
julc-java,auction_1-3,441944,441944,441944,441944,0,1
llvm-uplc-jit,auction_1-3,221448,196964,188344,2510027,45749,22572
opshin,auction_1-3,293910000,293910000,284550000,320360000,12010000,20
plutigo,auction_1-3,380561,380561,0,0,0,15778
plutuz,auction_1-3,593871,590382,581425,728768,13469,8420
scalus-cek,auction_1-3,572590,572590,572590,572590,0,1
scalus-jit,auction_1-3,995177,995177,995177,995177,0,1
uplc-turbo,auction_1-3,385041,385245,369695,396330,4291,100
uplc-turbo-bc,auction_1-3,285019,284797,282205,296294,2007,100
blaze-jsc,auction_1-4,776900,776900,704800,1223300,8235,644
blaze-v8,auction_1-4,788600,788600,715800,1199800,8122,635
chrysalis,auction_1-4,238545,238400,237809,239428,819,3
chrysalis-aot,auction_1-4,264726,264651,264114,265411,651,3
haskell,auction_1-4,132386,132386,131099,135611,8262,0
julc-java,auction_1-4,162507,162507,162507,162507,0,1
llvm-uplc-jit,auction_1-4,62856,62453,59381,124807,1763,79478
opshin,auction_1-4,96830000,96830000,93920000,119390000,7250000,21
plutigo,auction_1-4,131249,131249,0,0,0,45703
plutuz,auction_1-4,223428,222335,218342,405500,5325,10000
scalus-cek,auction_1-4,181388,181388,181388,181388,0,1
scalus-jit,auction_1-4,60116,60116,60116,60116,0,1
uplc-turbo,auction_1-4,162314,160384,158869,220107,6999,100
uplc-turbo-bc,auction_1-4,130332,125438,124284,173165,13554,100
blaze-jsc,auction_2-1,627800,627800,567000,1066700,6529,797
blaze-v8,auction_2-1,631600,631600,573400,1199200,6316,792
chrysalis,auction_2-1,205837,205829,205615,206069,227,3
chrysalis-aot,auction_2-1,261255,251332,250865,281568,17592,3
haskell,auction_2-1,100567,100567,100537,100612,164,0
julc-java,auction_2-1,139081,139081,139081,139081,0,1
llvm-uplc-jit,auction_2-1,50724,50437,47823,122521,1415,98468
opshin,auction_2-1,100700000,100700000,77810000,120610000,19100000,20
plutigo,auction_2-1,112591,112591,0,0,0,53269
plutuz,auction_2-1,200788,189635,186326,1946227,46777,10000
scalus-cek,auction_2-1,140541,140541,140541,140541,0,1
scalus-jit,auction_2-1,50409,50409,50409,50409,0,1
uplc-turbo,auction_2-1,134399,132438,129512,166762,7398,100
uplc-turbo-bc,auction_2-1,97457,97422,96065,99364,568,100
blaze-jsc,auction_2-2,1946100,1946100,1688300,2550500,34251,258
blaze-v8,auction_2-2,1972900,1972900,1714500,2491900,34131,254
chrysalis,auction_2-2,759877,759887,757525,762219,2347,3
chrysalis-aot,auction_2-2,895684,896429,893993,896630,1468,3
haskell,auction_2-2,356581,356581,350697,365584,30892,0
julc-java,auction_2-2,418988,418988,418988,418988,0,1
llvm-uplc-jit,auction_2-2,217949,200278,191279,4794333,57790,22935
opshin,auction_2-2,293260000,293260000,283210000,319630000,12390000,20
plutigo,auction_2-2,386447,386447,0,0,0,15517
plutuz,auction_2-2,666142,601040,590064,4480505,128696,7506
scalus-cek,auction_2-2,572259,572259,572259,572259,0,1
scalus-jit,auction_2-2,1366385,1366385,1366385,1366385,0,1
uplc-turbo,auction_2-2,387122,386546,377017,409095,4042,100
uplc-turbo-bc,auction_2-2,318324,285197,281257,428527,46203,100
blaze-jsc,auction_2-3,2425400,2425400,2095600,2879200,38806,207
blaze-v8,auction_2-3,2470400,2470400,2126600,2984700,40514,203
chrysalis,auction_2-3,934973,934916,934087,935918,917,3
chrysalis-aot,auction_2-3,1065715,1059262,1059231,1078653,11204,3
haskell,auction_2-3,455727,455727,450520,465263,28104,0
julc-java,auction_2-3,551814,551814,551814,551814,0,1
llvm-uplc-jit,auction_2-3,250778,249053,238605,492734,4883,19933
opshin,auction_2-3,369850000,369850000,360240000,395990000,11810000,20
plutigo,auction_2-3,529562,529562,0,0,0,10000
plutuz,auction_2-3,727657,726064,715502,852148,8360,6872
scalus-cek,auction_2-3,743373,743373,743373,743373,0,1
scalus-jit,auction_2-3,1358020,1358020,1358020,1358020,0,1
uplc-turbo,auction_2-3,468454,468131,460041,483792,4107,100
uplc-turbo-bc,auction_2-3,363478,362429,359286,421903,6515,100
blaze-jsc,auction_2-4,1957900,1957900,1692400,2549200,34459,256
blaze-v8,auction_2-4,1985600,1985600,1712800,2579900,34549,252
chrysalis,auction_2-4,886469,941299,753840,964267,115432,3
chrysalis-aot,auction_2-4,962917,1000428,840053,1048269,109058,3
haskell,auction_2-4,340913,340913,340760,341157,818,0
julc-java,auction_2-4,418780,418780,418780,418780,0,1
llvm-uplc-jit,auction_2-4,197304,195985,186858,322773,3919,25334
opshin,auction_2-4,293110000,293110000,285160000,316270000,11140000,20
plutigo,auction_2-4,381124,381124,0,0,0,15758
plutuz,auction_2-4,593368,590409,580712,773487,12090,8427
scalus-cek,auction_2-4,652134,652134,652134,652134,0,1
scalus-jit,auction_2-4,1092798,1092798,1092798,1092798,0,1
uplc-turbo,auction_2-4,398381,382269,368602,531816,35867,100
uplc-turbo-bc,auction_2-4,298670,283979,281251,397242,33754,100
blaze-jsc,auction_2-5,775700,775700,700100,1231300,8299,645
blaze-v8,auction_2-5,786800,786800,708900,1303000,8182,636
chrysalis,auction_2-5,239217,239402,238756,239493,402,3
chrysalis-aot,auction_2-5,272925,272722,269086,276966,3943,3
haskell,auction_2-5,135005,135005,132049,139113,13855,0
julc-java,auction_2-5,163110,163110,163110,163110,0,1
llvm-uplc-jit,auction_2-5,62529,62010,58879,144163,1866,79891
opshin,auction_2-5,132949999,132949999,94000000,176760000,23660000,20
plutigo,auction_2-5,131200,131200,0,0,0,45711
plutuz,auction_2-5,223435,222317,218563,417313,5836,10000
scalus-cek,auction_2-5,176313,176313,176313,176313,0,1
scalus-jit,auction_2-5,55681,55681,55681,55681,0,1
uplc-turbo,auction_2-5,166033,161620,159286,218092,12580,100
uplc-turbo-bc,auction_2-5,125342,125229,124152,132905,1033,100
blaze-jsc,coop-1,902400,902400,808300,8546200,31042,559
blaze-v8,coop-1,941400,941400,815400,2382900,17039,532
chrysalis,coop-1,198897,198486,198308,199898,871,3
chrysalis-aot,coop-1,225219,224950,224326,226382,1054,3
haskell,coop-1,139494,139494,137401,143213,11587,0
julc-java,coop-1,174708,174708,174708,174708,0,1
llvm-uplc-jit,coop-1,63755,63311,60234,555361,2465,78375
opshin,coop-1,-1,-1,-1,-1,-1,0
plutigo,coop-1,119409,119409,0,0,0,50206
plutuz,coop-1,187952,185632,182105,286354,7873,10000
scalus-cek,coop-1,181476,181476,181476,181476,0,1
scalus-jit,coop-1,72479,72479,72479,72479,0,1
uplc-turbo,coop-1,143815,143302,142180,152351,1690,100
uplc-turbo-bc,coop-1,127017,126673,126435,137322,1456,100
blaze-jsc,coop-2,3878100,3878100,3564500,4398300,41883,129
blaze-v8,coop-2,2729800,2729800,2447400,3158000,31938,184
chrysalis,coop-2,787832,822166,698680,842650,77884,3
chrysalis-aot,coop-2,707129,703887,703634,713867,5835,3
haskell,coop-2,425251,425251,425034,425478,982,0
julc-java,coop-2,650682,650682,650682,650682,0,1
llvm-uplc-jit,coop-2,209589,208778,201190,291864,3634,23850
opshin,coop-2,-1,-1,-1,-1,-1,0
plutigo,coop-2,409281,409281,0,0,0,15097
plutuz,coop-2,545197,544040,535858,669206,6406,9171
scalus-cek,coop-2,617463,617463,617463,617463,0,1
scalus-jit,coop-2,279194,279194,279194,279194,0,1
uplc-turbo,coop-2,458931,457336,448857,500016,8165,100
uplc-turbo-bc,coop-2,423959,423163,421977,455109,3419,100
blaze-jsc,coop-3,9580300,9580300,6390200,18694200,506797,53
blaze-v8,coop-3,6864400,6864400,6258000,16292900,374109,73
chrysalis,coop-3,2002500,2000805,1990257,2016438,13172,3
chrysalis-aot,coop-3,2263140,2261043,2261026,2267349,3645,3
haskell,coop-3,1276147,1276147,1247644,1318979,149448,0
julc-java,coop-3,1573036,1573036,1573036,1573036,0,1
llvm-uplc-jit,coop-3,721380,683739,672875,3579055,112784,6931
opshin,coop-3,-1,-1,-1,-1,-1,0
plutigo,coop-3,1069687,1069687,0,0,0,5456
plutuz,coop-3,1412331,1406352,1387396,2049505,29131,3541
scalus-cek,coop-3,2101230,2101230,2101230,2101230,0,1
scalus-jit,coop-3,862373,862373,862373,862373,0,1
uplc-turbo,coop-3,911479,903241,892372,1052031,24400,100
uplc-turbo-bc,coop-3,1064151,1015740,1010412,1430224,125474,100
blaze-jsc,coop-4,4847900,4847900,4199400,11390200,239001,104
blaze-v8,coop-4,3347100,3347100,2893000,7418100,66942,150
chrysalis,coop-4,798713,798724,797392,800022,1314,3
chrysalis-aot,coop-4,968922,937962,908215,1060590,80767,3
haskell,coop-4,571595,571595,563629,589449,46142,0
julc-java,coop-4,976950,976950,976950,976950,0,1
llvm-uplc-jit,coop-4,282138,280798,272231,442943,5054,17719
opshin,coop-4,-1,-1,-1,-1,-1,0
plutigo,coop-4,450511,450511,0,0,0,13314
plutuz,coop-4,665074,654131,644856,837081,23190,7518
scalus-cek,coop-4,798717,798717,798717,798717,0,1
scalus-jit,coop-4,360719,360719,360719,360719,0,1
uplc-turbo,coop-4,481327,469399,465098,622541,37529,100
uplc-turbo-bc,coop-4,462632,461279,455570,487820,5300,100
blaze-jsc,coop-5,1539900,1539900,1379900,2661900,22944,325
blaze-v8,coop-5,1614600,1614600,1400400,4733900,34552,310
chrysalis,coop-5,395487,396301,393108,397053,2094,3
chrysalis-aot,coop-5,448716,447053,446850,452245,3058,3
haskell,coop-5,236717,236717,236612,236881,567,0
julc-java,coop-5,295383,295383,295383,295383,0,1
llvm-uplc-jit,coop-5,122919,121682,117464,211728,3389,40659
opshin,coop-5,-1,-1,-1,-1,-1,0
plutigo,coop-5,227174,227174,0,0,0,26392
plutuz,coop-5,407496,343697,335705,3390038,95101,10000
scalus-cek,coop-5,332492,332492,332492,332492,0,1
scalus-jit,coop-5,166285,166285,166285,166285,0,1
uplc-turbo,coop-5,256411,254895,253019,291573,5017,100
uplc-turbo-bc,coop-5,222599,222008,215758,242199,4748,100
blaze-jsc,coop-6,2345900,2345900,2183800,2606700,16186,214
blaze-v8,coop-6,2456400,2456400,2225200,2972500,28248,204
chrysalis,coop-6,520621,520818,519180,521866,1353,3
chrysalis-aot,coop-6,594416,594215,591664,597370,2858,3
haskell,coop-6,449047,449047,433227,466888,76024,0
julc-java,coop-6,524830,524830,524830,524830,0,1
llvm-uplc-jit,coop-6,217046,191203,186562,425989,40241,23031
opshin,coop-6,-1,-1,-1,-1,-1,0
plutigo,coop-6,319072,319072,0,0,0,18787
plutuz,coop-6,477129,473933,467113,690247,14604,10000
scalus-cek,coop-6,565744,565744,565744,565744,0,1
scalus-jit,coop-6,213466,213466,213466,213466,0,1
uplc-turbo,coop-6,408382,406592,405055,453682,5868,100
uplc-turbo-bc,coop-6,407612,407530,399659,422393,4256,100
blaze-jsc,coop-7,1187100,1187100,1107500,1547900,9852,422
blaze-v8,coop-7,1270100,1270100,1116500,3345700,23115,394
chrysalis,coop-7,268661,268164,267237,270582,1727,3
chrysalis-aot,coop-7,304479,303870,303264,306304,1608,3
haskell,coop-7,195120,195120,191177,201384,19975,0
julc-java,coop-7,243411,243411,243411,243411,0,1
llvm-uplc-jit,coop-7,89066,88538,83833,227419,2266,56111
opshin,coop-7,-1,-1,-1,-1,-1,0
plutigo,coop-7,160924,160924,0,0,0,37212
plutuz,coop-7,251781,250027,245738,349996,7496,10000
scalus-cek,coop-7,254088,254088,254088,254088,0,1
scalus-jit,coop-7,98015,98015,98015,98015,0,1
uplc-turbo,coop-7,211808,204477,201730,272314,19508,100
uplc-turbo-bc,coop-7,191268,185393,182519,250559,17300,100
blaze-jsc,crowdfunding-success-1,767800,767800,706600,1103400,7908,652
blaze-v8,crowdfunding-success-1,775500,775500,706400,1316300,8530,645
chrysalis,crowdfunding-success-1,230112,229571,228358,232408,2078,3
chrysalis-aot,crowdfunding-success-1,290668,293944,257173,320888,31983,3
haskell,crowdfunding-success-1,121768,121768,121023,124409,5358,0
julc-java,crowdfunding-success-1,149321,149321,149321,149321,0,1
llvm-uplc-jit,crowdfunding-success-1,61566,61145,57459,168221,1637,81140
opshin,crowdfunding-success-1,94450000,94450000,91580000,116330000,6880000,22
plutigo,crowdfunding-success-1,144593,144593,0,0,0,45579
plutuz,crowdfunding-success-1,218021,216670,212161,306152,5541,10000
scalus-cek,crowdfunding-success-1,185373,185373,185373,185373,0,1
scalus-jit,crowdfunding-success-1,39809,39809,39809,39809,0,1
uplc-turbo,crowdfunding-success-1,157653,153337,149579,195925,11729,100
uplc-turbo-bc,crowdfunding-success-1,110403,110325,109806,115801,648,100
blaze-jsc,crowdfunding-success-2,767800,767800,703300,1216700,8061,652
blaze-v8,crowdfunding-success-2,916300,916300,713800,4218300,22266,546
chrysalis,crowdfunding-success-2,230868,231091,229975,231538,804,3
chrysalis-aot,crowdfunding-success-2,257100,257102,256530,257667,568,3
haskell,crowdfunding-success-2,121233,121233,121195,121286,191,0
julc-java,crowdfunding-success-2,136355,136355,136355,136355,0,1
llvm-uplc-jit,crowdfunding-success-2,60889,60468,57797,158113,1911,82032
opshin,crowdfunding-success-2,95950000,95950000,92050000,118180000,8380000,22
plutigo,crowdfunding-success-2,131650,131650,0,0,0,45568
plutuz,crowdfunding-success-2,217976,217102,211846,285334,4551,10000
scalus-cek,crowdfunding-success-2,166084,166084,166084,166084,0,1
scalus-jit,crowdfunding-success-2,42667,42667,42667,42667,0,1
uplc-turbo,crowdfunding-success-2,152745,152125,149609,170519,2812,100
uplc-turbo-bc,crowdfunding-success-2,115699,110525,109832,153691,12803,100
blaze-jsc,crowdfunding-success-3,768800,768800,706700,1233400,8149,651
blaze-v8,crowdfunding-success-3,1090700,1090700,1010300,1540500,13197,459
chrysalis,crowdfunding-success-3,233144,233725,231667,234039,1288,3
chrysalis-aot,crowdfunding-success-3,258032,258187,257652,258257,330,3
haskell,crowdfunding-success-3,130773,130773,127217,135188,17167,0
julc-java,crowdfunding-success-3,136301,136301,136301,136301,0,1
llvm-uplc-jit,crowdfunding-success-3,69480,61240,58047,3857357,25345,71899
opshin,crowdfunding-success-3,94710000,94710000,91560000,116780000,6980000,22
plutigo,crowdfunding-success-3,131368,131368,0,0,0,45658
plutuz,crowdfunding-success-3,217398,216522,211718,809704,7356,10000
scalus-cek,crowdfunding-success-3,162488,162488,162488,162488,0,1
scalus-jit,crowdfunding-success-3,41315,41315,41315,41315,0,1
uplc-turbo,crowdfunding-success-3,152810,152118,149793,178979,3589,100
uplc-turbo-bc,crowdfunding-success-3,111195,111015,110595,118737,871,100
blaze-jsc,currency-1,842000,842000,772200,1369800,8925,595
blaze-v8,currency-1,1212100,1212100,788900,7807700,40847,413
chrysalis,currency-1,292828,292747,292669,293067,211,3
chrysalis-aot,currency-1,333579,332951,332047,335740,1924,3
haskell,currency-1,136723,136723,135523,139769,7099,0
julc-java,currency-1,161408,161408,161408,161408,0,1
llvm-uplc-jit,currency-1,77957,77479,73993,144893,1817,64089
opshin,currency-1,118820000,118820000,115270000,142250000,7770000,20
plutigo,currency-1,155098,155098,0,0,0,38768
plutuz,currency-1,244206,243440,238853,333520,4083,10000
scalus-cek,currency-1,212303,212303,212303,212303,0,1
scalus-jit,currency-1,59320,59320,59320,59320,0,1
uplc-turbo,currency-1,161208,161050,158735,174331,1705,100
uplc-turbo-bc,currency-1,123835,120770,119018,161080,10367,100
blaze-jsc,escrow-redeem_1-1,1171200,1171200,1067000,1581100,14405,427
blaze-v8,escrow-redeem_1-1,1652500,1652500,1094600,2166900,26109,303
chrysalis,escrow-redeem_1-1,395966,396375,395066,396456,780,3
chrysalis-aot,escrow-redeem_1-1,437523,438325,435831,438414,1466,3
haskell,escrow-redeem_1-1,193297,193297,193230,193402,359,0
julc-java,escrow-redeem_1-1,219147,219147,219147,219147,0,1
llvm-uplc-jit,escrow-redeem_1-1,111380,108606,103307,1857213,13089,44868
opshin,escrow-redeem_1-1,158580000,158580000,153520000,180920000,9090000,20
plutigo,escrow-redeem_1-1,230669,230669,0,0,0,28629
plutuz,escrow-redeem_1-1,332408,330371,323593,547645,8983,10000
scalus-cek,escrow-redeem_1-1,294797,294797,294797,294797,0,1
scalus-jit,escrow-redeem_1-1,75670,75670,75670,75670,0,1
uplc-turbo,escrow-redeem_1-1,223311,218412,216108,276702,15708,100
uplc-turbo-bc,escrow-redeem_1-1,167504,167122,164843,180029,2269,100
blaze-jsc,escrow-redeem_1-2,1173700,1173700,1067900,1780700,14788,426
blaze-v8,escrow-redeem_1-2,1186500,1186500,1075000,1680100,15305,422
chrysalis,escrow-redeem_1-2,391494,391144,389807,393531,1886,3
chrysalis-aot,escrow-redeem_1-2,438343,438197,436561,440272,1860,3
haskell,escrow-redeem_1-2,206566,206566,201638,213815,25381,0
julc-java,escrow-redeem_1-2,218940,218940,218940,218940,0,1
llvm-uplc-jit,escrow-redeem_1-2,108067,107468,103575,193851,2545,46242
opshin,escrow-redeem_1-2,158940000,158940000,154100000,183070000,9600000,20
plutigo,escrow-redeem_1-2,209078,209078,0,0,0,28662
plutuz,escrow-redeem_1-2,357463,330796,323600,2577708,70116,10000
scalus-cek,escrow-redeem_1-2,294191,294191,294191,294191,0,1
scalus-jit,escrow-redeem_1-2,103427,103427,103427,103427,0,1
uplc-turbo,escrow-redeem_1-2,219894,219590,215920,244937,3244,100
uplc-turbo-bc,escrow-redeem_1-2,178069,166726,164784,253953,23402,100
blaze-jsc,escrow-redeem_2-1,1328000,1328000,1207400,1890600,16732,377
blaze-v8,escrow-redeem_2-1,1341500,1341500,1215600,1852100,17171,373
chrysalis,escrow-redeem_2-1,447254,446926,446444,448391,1014,3
chrysalis-aot,escrow-redeem_2-1,497670,497697,497582,497731,78,3
haskell,escrow-redeem_2-1,226475,226475,224488,231371,12015,0
julc-java,escrow-redeem_2-1,273077,273077,273077,273077,0,1
llvm-uplc-jit,escrow-redeem_2-1,124226,123477,118116,198170,2529,40230
opshin,escrow-redeem_2-1,180830000,180830000,175410000,203720000,9160000,20
plutigo,escrow-redeem_2-1,233569,233569,0,0,0,25660
plutuz,escrow-redeem_2-1,403242,367112,358692,2804692,81001,10000
scalus-cek,escrow-redeem_2-1,360468,360468,360468,360468,0,1
scalus-jit,escrow-redeem_2-1,136281,136281,136281,136281,0,1
uplc-turbo,escrow-redeem_2-1,251449,250938,242777,277575,4720,100
uplc-turbo-bc,escrow-redeem_2-1,193587,193527,191270,201141,1423,100
blaze-jsc,escrow-redeem_2-2,1324800,1324800,1201400,1834100,16295,378
blaze-v8,escrow-redeem_2-2,1339600,1339600,1216500,1862900,17146,374
chrysalis,escrow-redeem_2-2,470450,443578,442683,525090,47321,3
chrysalis-aot,escrow-redeem_2-2,499845,497318,495626,506590,5902,3
haskell,escrow-redeem_2-2,223046,223046,222467,226840,4592,0
julc-java,escrow-redeem_2-2,257910,257910,257910,257910,0,1
llvm-uplc-jit,escrow-redeem_2-2,126182,124091,118418,2995986,23983,39606
opshin,escrow-redeem_2-2,179510000,179510000,175680000,204030000,8090000,20
plutigo,escrow-redeem_2-2,232463,232463,0,0,0,25756
plutuz,escrow-redeem_2-2,367904,366482,359476,502815,7605,10000
scalus-cek,escrow-redeem_2-2,346519,346519,346519,346519,0,1
scalus-jit,escrow-redeem_2-2,141696,141696,141696,141696,0,1
uplc-turbo,escrow-redeem_2-2,250350,249915,242361,260427,3504,100
uplc-turbo-bc,escrow-redeem_2-2,198874,192871,190848,261150,18168,100
blaze-jsc,escrow-redeem_2-3,1325600,1325600,1209500,1709700,16304,378
blaze-v8,escrow-redeem_2-3,1350900,1350900,1215700,2105400,18102,371
chrysalis,escrow-redeem_2-3,445177,445257,444187,446088,952,3
chrysalis-aot,escrow-redeem_2-3,495683,495285,495269,496496,703,3
haskell,escrow-redeem_2-3,222499,222499,222424,222583,349,0
julc-java,escrow-redeem_2-3,255640,255640,255640,255640,0,1
llvm-uplc-jit,escrow-redeem_2-3,124675,124013,118265,221070,2580,40084
opshin,escrow-redeem_2-3,180310000,180310000,175560000,203370000,9030000,20
plutigo,escrow-redeem_2-3,232283,232283,0,0,0,25801
plutuz,escrow-redeem_2-3,367775,366245,358773,486920,8484,10000
scalus-cek,escrow-redeem_2-3,384154,384154,384154,384154,0,1
scalus-jit,escrow-redeem_2-3,125615,125615,125615,125615,0,1
uplc-turbo,escrow-redeem_2-3,256630,251167,241892,311549,16667,100
uplc-turbo-bc,escrow-redeem_2-3,193480,193184,190171,203690,1868,100
blaze-jsc,escrow-refund-1,659000,659000,596700,1226900,8632,759
blaze-v8,escrow-refund-1,667600,667600,598200,1406700,9346,750
chrysalis,escrow-refund-1,219853,219852,218670,221038,1184,3
chrysalis-aot,escrow-refund-1,239142,239368,238537,239522,529,3
haskell,escrow-refund-1,91094,91094,90266,93678,5109,0
julc-java,escrow-refund-1,109833,109833,109833,109833,0,1
llvm-uplc-jit,escrow-refund-1,47970,47722,44744,100713,1287,104128
opshin,escrow-refund-1,95280000,95280000,82260000,136950000,19110000,22
plutigo,escrow-refund-1,127478,127478,0,0,0,47074
plutuz,escrow-refund-1,208654,207947,203814,271832,3834,10000
scalus-cek,escrow-refund-1,119751,119751,119751,119751,0,1
scalus-jit,escrow-refund-1,45872,45872,45872,45872,0,1
uplc-turbo,escrow-refund-1,133778,133121,131423,144064,2237,100
uplc-turbo-bc,escrow-refund-1,87600,81898,81180,124765,11333,100
blaze-jsc,future-increase-margin-1,840700,840700,771700,1263900,8659,595
blaze-v8,future-increase-margin-1,852600,852600,781900,1226200,9208,587
chrysalis,future-increase-margin-1,295584,294252,293574,298927,2914,3
chrysalis-aot,future-increase-margin-1,331167,331374,330172,331955,909,3
haskell,future-increase-margin-1,137098,137098,136085,139827,6298,0
julc-java,future-increase-margin-1,159385,159385,159385,159385,0,1
llvm-uplc-jit,future-increase-margin-1,77637,77222,74194,177278,2031,64353
opshin,future-increase-margin-1,132470000,132470000,115520000,178860000,24620000,20
plutigo,future-increase-margin-1,169928,169928,0,0,0,38787
plutuz,future-increase-margin-1,245637,243847,239255,454356,9038,10000
scalus-cek,future-increase-margin-1,211259,211259,211259,211259,0,1
scalus-jit,future-increase-margin-1,52213,52213,52213,52213,0,1
uplc-turbo,future-increase-margin-1,160002,159718,158129,173039,1656,100
uplc-turbo-bc,future-increase-margin-1,121267,121090,118837,127338,1160,100
blaze-jsc,future-increase-margin-2,1668200,1668200,1503400,2096800,21186,300
blaze-v8,future-increase-margin-2,1689300,1689300,1520200,2222700,21791,297
chrysalis,future-increase-margin-2,561806,561722,561065,562631,786,3
chrysalis-aot,future-increase-margin-2,657050,657019,656859,657271,208,3
haskell,future-increase-margin-2,288196,288196,288036,288563,1001,0
julc-java,future-increase-margin-2,334599,334599,334599,334599,0,1
llvm-uplc-jit,future-increase-margin-2,160691,159869,154346,261480,2867,31104
opshin,future-increase-margin-2,233920000,233920000,228480000,262570000,10200000,20
plutigo,future-increase-margin-2,291631,291631,0,0,0,20576
plutuz,future-increase-margin-2,453138,449044,441530,639868,17715,10000
scalus-cek,future-increase-margin-2,462928,462928,462928,462928,0,1
scalus-jit,future-increase-margin-2,211102,211102,211102,211102,0,1
uplc-turbo,future-increase-margin-2,320647,319835,307747,345018,5581,100
uplc-turbo-bc,future-increase-margin-2,260655,252285,249767,341274,24976,100
blaze-jsc,future-increase-margin-3,1673500,1673500,1506200,2098300,21588,299
blaze-v8,future-increase-margin-3,1691400,1691400,1515700,2111800,21988,296
chrysalis,future-increase-margin-3,563090,562939,562532,563801,647,3
chrysalis-aot,future-increase-margin-3,644350,643824,643612,645614,1099,3
haskell,future-increase-margin-3,293236,293236,290469,299493,17701,0
julc-java,future-increase-margin-3,345782,345782,345782,345782,0,1
llvm-uplc-jit,future-increase-margin-3,160765,159862,154076,258814,3020,31090
opshin,future-increase-margin-3,232880000,232880000,227740000,256230000,9460000,20
plutigo,future-increase-margin-3,290585,290585,0,0,0,20650
plutuz,future-increase-margin-3,450295,448593,439887,579237,10464,10000
scalus-cek,future-increase-margin-3,459020,459020,459020,459020,0,1
scalus-jit,future-increase-margin-3,304044,304044,304044,304044,0,1
uplc-turbo,future-increase-margin-3,328791,322824,307415,393223,19525,100
uplc-turbo-bc,future-increase-margin-3,252552,252104,249305,269264,3005,100
blaze-jsc,future-increase-margin-4,1686400,1686400,1560900,2073900,16526,297
blaze-v8,future-increase-margin-4,1710200,1710200,1576300,2072200,18128,293
chrysalis,future-increase-margin-4,664689,664565,662725,666777,2028,3
chrysalis-aot,future-increase-margin-4,734965,734934,733601,736360,1379,3
haskell,future-increase-margin-4,270604,270604,268301,276694,13996,0
julc-java,future-increase-margin-4,337937,337937,337937,337937,0,1
llvm-uplc-jit,future-increase-margin-4,157115,156410,150010,238427,2647,31812
opshin,future-increase-margin-4,-1,-1,-1,-1,-1,0
plutigo,future-increase-margin-4,347687,347687,0,0,0,17236
plutuz,future-increase-margin-4,553660,552574,543567,935340,7819,9031
scalus-cek,future-increase-margin-4,435911,435911,435911,435911,0,1
scalus-jit,future-increase-margin-4,1132967,1132967,1132967,1132967,0,1
uplc-turbo,future-increase-margin-4,335279,334826,330178,365637,3696,100
uplc-turbo-bc,future-increase-margin-4,246543,229889,228011,342731,31523,100
blaze-jsc,future-increase-margin-5,3924000,3924000,3454700,4591900,64353,128
blaze-v8,future-increase-margin-5,3947400,3947400,3477300,4790800,67500,127
chrysalis,future-increase-margin-5,1021985,1022732,1019101,1024122,2592,3
chrysalis-aot,future-increase-margin-5,1119864,1119239,1119181,1121171,1132,3
haskell,future-increase-margin-5,453245,453245,452961,453925,1703,0
julc-java,future-increase-margin-5,600203,600203,600203,600203,0,1
llvm-uplc-jit,future-increase-margin-5,275417,274103,264200,377700,4351,18151
opshin,future-increase-margin-5,-1,-1,-1,-1,-1,0
plutigo,future-increase-margin-5,532222,532222,0,0,0,10000
plutuz,future-increase-margin-5,934036,881531,864706,5313776,143986,5354
scalus-cek,future-increase-margin-5,837487,837487,837487,837487,0,1
scalus-jit,future-increase-margin-5,2284396,2284396,2284396,2284396,0,1
uplc-turbo,future-increase-margin-5,495142,495024,486852,510131,3777,100
uplc-turbo-bc,future-increase-margin-5,382677,382533,379266,397822,2102,100
blaze-jsc,future-pay-out-1,853500,853500,773800,1206200,10668,586
blaze-v8,future-pay-out-1,854200,854200,781500,1306900,9652,586
chrysalis,future-pay-out-1,294718,295092,293667,295395,923,3
chrysalis-aot,future-pay-out-1,335488,335139,334592,336732,1111,3
haskell,future-pay-out-1,137345,137345,136006,140308,8491,0
julc-java,future-pay-out-1,179715,179715,179715,179715,0,1
llvm-uplc-jit,future-pay-out-1,77989,77565,73671,188147,1823,64066
opshin,future-pay-out-1,118570000,118570000,115050000,140650000,7250000,20
plutigo,future-pay-out-1,154537,154537,0,0,0,38716
plutuz,future-pay-out-1,275225,244294,238634,1940197,62534,10000
scalus-cek,future-pay-out-1,211714,211714,211714,211714,0,1
scalus-jit,future-pay-out-1,50618,50618,50618,50618,0,1
uplc-turbo,future-pay-out-1,161240,161004,158884,169436,1540,100
uplc-turbo-bc,future-pay-out-1,124145,120525,118434,159996,10850,100
blaze-jsc,future-pay-out-2,1689600,1689600,1505900,2148700,23485,297
blaze-v8,future-pay-out-2,1690500,1690500,1521100,2166500,22314,296
chrysalis,future-pay-out-2,683557,737190,575948,737532,93192,3
chrysalis-aot,future-pay-out-2,644779,643909,643034,647395,2306,3
haskell,future-pay-out-2,292324,292324,289661,298267,16389,0
julc-java,future-pay-out-2,341149,341149,341149,341149,0,1
llvm-uplc-jit,future-pay-out-2,161226,160341,153430,263979,2927,31001
opshin,future-pay-out-2,231950000,231950000,227240000,254670000,8950000,20
plutigo,future-pay-out-2,290205,290205,0,0,0,20629
plutuz,future-pay-out-2,451154,448906,441171,634352,10735,10000
scalus-cek,future-pay-out-2,464404,464404,464404,464404,0,1
scalus-jit,future-pay-out-2,207350,207350,207350,207350,0,1
uplc-turbo,future-pay-out-2,324308,318485,307382,392269,20685,100
uplc-turbo-bc,future-pay-out-2,253690,253208,250557,271357,2627,100
blaze-jsc,future-pay-out-3,1692200,1692200,1512000,2138700,24029,296
blaze-v8,future-pay-out-3,1691400,1691400,1528300,2145500,22326,296
chrysalis,future-pay-out-3,565967,564247,562100,571554,4956,3
chrysalis-aot,future-pay-out-3,642751,642792,639698,645764,3033,3
haskell,future-pay-out-3,289632,289632,289506,289808,635,0
julc-java,future-pay-out-3,335276,335276,335276,335276,0,1
llvm-uplc-jit,future-pay-out-3,161516,160616,153906,260552,3190,30945
opshin,future-pay-out-3,265610000,265610000,227370000,384950000,52510000,20
plutigo,future-pay-out-3,290309,290309,0,0,0,20713
plutuz,future-pay-out-3,450275,448326,439981,587836,10956,10000
scalus-cek,future-pay-out-3,507615,507615,507615,507615,0,1
scalus-jit,future-pay-out-3,152369,152369,152369,152369,0,1
uplc-turbo,future-pay-out-3,319137,318938,302836,332484,4676,100
uplc-turbo-bc,future-pay-out-3,276929,253729,250475,344197,37452,100
blaze-jsc,future-pay-out-4,3852700,3852700,3427500,4495800,61257,130
blaze-v8,future-pay-out-4,3901900,3901900,3448000,4601200,63600,129
chrysalis,future-pay-out-4,1016182,1016222,1013221,1019103,2940,3
chrysalis-aot,future-pay-out-4,1113689,1113059,1112984,1115024,1156,3
haskell,future-pay-out-4,461878,461878,456030,471607,32152,0
julc-java,future-pay-out-4,609220,609220,609220,609220,0,1
llvm-uplc-jit,future-pay-out-4,306162,276060,264239,2223459,48330,16328
opshin,future-pay-out-4,-1,-1,-1,-1,-1,0
plutigo,future-pay-out-4,475966,475966,0,0,0,12600
plutuz,future-pay-out-4,881628,877994,859291,1482057,13610,5672
scalus-cek,future-pay-out-4,754460,754460,754460,754460,0,1
scalus-jit,future-pay-out-4,2525208,2525208,2525208,2525208,0,1
uplc-turbo,future-pay-out-4,505553,498584,489664,629268,27807,100
uplc-turbo-bc,future-pay-out-4,385366,385076,378742,404032,3133,100
blaze-jsc,future-settle-early-1,853900,853900,777500,1219100,10588,586
blaze-v8,future-settle-early-1,854300,854300,781900,1313300,9653,586
chrysalis,future-settle-early-1,290358,290187,289801,291087,659,3
chrysalis-aot,future-settle-early-1,333245,332346,332207,335183,1679,3
haskell,future-settle-early-1,137260,137260,136006,140612,8309,0
julc-java,future-settle-early-1,158846,158846,158846,158846,0,1
llvm-uplc-jit,future-settle-early-1,78050,77656,73966,163462,1806,64009
opshin,future-settle-early-1,118760000,118760000,115410000,143410000,7890000,20
plutigo,future-settle-early-1,155072,155072,0,0,0,38539
plutuz,future-settle-early-1,244171,243292,238809,319074,4221,10000
scalus-cek,future-settle-early-1,209233,209233,209233,209233,0,1
scalus-jit,future-settle-early-1,61326,61326,61326,61326,0,1
uplc-turbo,future-settle-early-1,161546,161665,158566,164402,1112,100
uplc-turbo-bc,future-settle-early-1,128791,125157,123235,171345,11405,100
blaze-jsc,future-settle-early-2,1687000,1687000,1509100,2148000,23618,297
blaze-v8,future-settle-early-2,1687500,1687500,1522600,2079000,22275,297
chrysalis,future-settle-early-2,634773,596407,573455,734458,87088,3
chrysalis-aot,future-settle-early-2,639649,639195,639108,640643,862,3
haskell,future-settle-early-2,287468,287468,287373,287618,505,0
julc-java,future-settle-early-2,336576,336576,336576,336576,0,1
llvm-uplc-jit,future-settle-early-2,161570,160611,153651,279910,3183,30934
opshin,future-settle-early-2,233030000,233030000,228100000,254440000,8850000,20
plutigo,future-settle-early-2,322508,322508,0,0,0,18721
plutuz,future-settle-early-2,461096,448974,440646,2771270,52934,10000
scalus-cek,future-settle-early-2,465616,465616,465616,465616,0,1
scalus-jit,future-settle-early-2,220421,220421,220421,220421,0,1
uplc-turbo,future-settle-early-2,331398,321997,304562,416985,24032,100
uplc-turbo-bc,future-settle-early-2,253016,252660,249557,265533,2251,100
blaze-jsc,future-settle-early-3,1693700,1693700,1512000,2116400,23881,296
blaze-v8,future-settle-early-3,1693200,1693200,1526400,2223100,22350,296
chrysalis,future-settle-early-3,566578,565533,565487,568714,1850,3
chrysalis-aot,future-settle-early-3,640610,640431,639989,641411,727,3
haskell,future-settle-early-3,294305,294305,289708,301438,24029,0
julc-java,future-settle-early-3,384381,384381,384381,384381,0,1
llvm-uplc-jit,future-settle-early-3,177246,160884,153510,2064273,37611,28199
opshin,future-settle-early-3,231560000,231560000,227510000,254060000,7390000,20
plutigo,future-settle-early-3,290245,290245,0,0,0,20692
plutuz,future-settle-early-3,499716,450610,440655,742297,83818,10000
scalus-cek,future-settle-early-3,466007,466007,466007,466007,0,1
scalus-jit,future-settle-early-3,238361,238361,238361,238361,0,1
uplc-turbo,future-settle-early-3,319969,319927,306409,330795,4139,100
uplc-turbo-bc,future-settle-early-3,267610,253099,250108,379049,33319,100
blaze-jsc,future-settle-early-4,3304800,3304800,2962700,3940600,53868,152
blaze-v8,future-settle-early-4,3346800,3346800,2986000,4351800,58569,150
chrysalis,future-settle-early-4,805484,806000,803787,806664,1506,3
chrysalis-aot,future-settle-early-4,887583,887032,886925,888793,1048,3
haskell,future-settle-early-4,352294,352294,348882,359742,21584,0
julc-java,future-settle-early-4,458859,458859,458859,458859,0,1
llvm-uplc-jit,future-settle-early-4,219493,218228,210185,319975,3749,22774
opshin,future-settle-early-4,-1,-1,-1,-1,-1,0
plutigo,future-settle-early-4,379241,379241,0,0,0,15820
plutuz,future-settle-early-4,709321,707011,688427,820445,8911,7049
scalus-cek,future-settle-early-4,564193,564193,564193,564193,0,1
scalus-jit,future-settle-early-4,2086529,2086529,2086529,2086529,0,1
uplc-turbo,future-settle-early-4,422056,412158,400895,514412,29341,100
uplc-turbo-bc,future-settle-early-4,294743,294352,292373,319517,2866,100
blaze-jsc,game-sm-success_1-1,1465300,1465300,1282900,2345300,27840,342
blaze-v8,game-sm-success_1-1,1467300,1467300,1296200,2102900,25824,342
chrysalis,game-sm-success_1-1,488967,488929,487630,490343,1356,3
chrysalis-aot,game-sm-success_1-1,547961,547862,546943,549080,1071,3
haskell,game-sm-success_1-1,216634,216634,216556,216737,374,0
julc-java,game-sm-success_1-1,258869,258869,258869,258869,0,1
llvm-uplc-jit,game-sm-success_1-1,126852,126003,119932,204046,2733,39397
opshin,game-sm-success_1-1,188670000,188670000,181270000,212750000,11140000,20
plutigo,game-sm-success_1-1,266860,266860,0,0,0,22538
plutuz,game-sm-success_1-1,431622,430534,423345,525866,5705,10000
scalus-cek,game-sm-success_1-1,364860,364860,364860,364860,0,1
scalus-jit,game-sm-success_1-1,727293,727293,727293,727293,0,1
uplc-turbo,game-sm-success_1-1,270748,270411,267405,286430,2239,100
uplc-turbo-bc,game-sm-success_1-1,191028,186132,183238,256982,16349,100
blaze-jsc,game-sm-success_1-2,692000,692000,633900,1024100,6781,723
blaze-v8,game-sm-success_1-2,695600,695600,640300,1132900,6051,719
chrysalis,game-sm-success_1-2,203290,203251,203164,203455,149,3
chrysalis-aot,game-sm-success_1-2,230078,230067,229982,230186,102,3
haskell,game-sm-success_1-2,116100,116100,113784,119345,11715,0
julc-java,game-sm-success_1-2,136651,136651,136651,136651,0,1
llvm-uplc-jit,game-sm-success_1-2,54910,54549,52167,107115,1499,90980
opshin,game-sm-success_1-2,83700000,83700000,81870000,107730000,5030000,24
plutigo,game-sm-success_1-2,126271,126271,0,0,0,52563
plutuz,game-sm-success_1-2,192652,192138,188676,279249,3208,10000
scalus-cek,game-sm-success_1-2,160411,160411,160411,160411,0,1
scalus-jit,game-sm-success_1-2,38888,38888,38888,38888,0,1
uplc-turbo,game-sm-success_1-2,148720,144409,139043,178183,11728,100
uplc-turbo-bc,game-sm-success_1-2,108650,108499,107820,114428,748,100
blaze-jsc,game-sm-success_1-3,2124100,2124100,1851500,2754000,37171,236
blaze-v8,game-sm-success_1-3,2136500,2136500,1866300,2666400,35465,235
chrysalis,game-sm-success_1-3,748884,748885,747994,749773,889,3
chrysalis-aot,game-sm-success_1-3,837310,837587,834119,840225,3062,3
haskell,game-sm-success_1-3,351324,351324,348025,358879,21692,0
julc-java,game-sm-success_1-3,417785,417785,417785,417785,0,1
llvm-uplc-jit,game-sm-success_1-3,224209,198993,188825,2637958,59169,22294
opshin,game-sm-success_1-3,287730000,287730000,280530000,312540000,11470000,20
plutigo,game-sm-success_1-3,378828,378828,0,0,0,15838
plutuz,game-sm-success_1-3,594724,593434,582862,732791,7624,8408
scalus-cek,game-sm-success_1-3,614265,614265,614265,614265,0,1
scalus-jit,game-sm-success_1-3,949266,949266,949266,949266,0,1
uplc-turbo,game-sm-success_1-3,375220,375058,370181,387770,2644,100
uplc-turbo-bc,game-sm-success_1-3,305983,290970,287443,389987,33615,100
blaze-jsc,game-sm-success_1-4,811200,811200,742500,1181400,8923,617
blaze-v8,game-sm-success_1-4,811000,811000,744000,1238400,8028,617
chrysalis,game-sm-success_1-4,227566,227921,226698,228078,755,3
chrysalis-aot,game-sm-success_1-4,261082,261034,260657,261555,451,3
haskell,game-sm-success_1-4,130010,130010,129949,130143,395,0
julc-java,game-sm-success_1-4,157587,157587,157587,157587,0,1
llvm-uplc-jit,game-sm-success_1-4,62738,62353,60365,123240,1497,79636
opshin,game-sm-success_1-4,101430000,101430000,91940000,142770000,16370000,21
plutigo,game-sm-success_1-4,126215,126215,0,0,0,47578
plutuz,game-sm-success_1-4,214320,213804,209492,302695,3672,10000
scalus-cek,game-sm-success_1-4,182545,182545,182545,182545,0,1
scalus-jit,game-sm-success_1-4,45902,45902,45902,45902,0,1
uplc-turbo,game-sm-success_1-4,171349,167597,161002,199547,11027,100
uplc-turbo-bc,game-sm-success_1-4,126129,126063,125109,133200,926,100
blaze-jsc,game-sm-success_2-1,1464700,1464700,1282200,2076000,27829,342
blaze-v8,game-sm-success_2-1,1454800,1454800,1290700,2047400,25168,344
chrysalis,game-sm-success_2-1,493903,494556,492090,495064,1591,3
chrysalis-aot,game-sm-success_2-1,547483,547237,546205,549006,1416,3
haskell,game-sm-success_2-1,224735,224735,221074,230744,19649,0
julc-java,game-sm-success_2-1,283633,283633,283633,283633,0,1
llvm-uplc-jit,game-sm-success_2-1,136396,125747,119385,1839408,20561,36641
opshin,game-sm-success_2-1,198930000,198930000,181810000,281110000,29130000,20
plutigo,game-sm-success_2-1,266799,266799,0,0,0,22491
plutuz,game-sm-success_2-1,431681,430569,422709,632945,6500,10000
scalus-cek,game-sm-success_2-1,325939,325939,325939,325939,0,1
scalus-jit,game-sm-success_2-1,720903,720903,720903,720903,0,1
uplc-turbo,game-sm-success_2-1,270591,270518,267011,286191,3074,100
uplc-turbo-bc,game-sm-success_2-1,192136,186912,185151,253094,16452,100
blaze-jsc,game-sm-success_2-2,691800,691800,632100,991100,6779,723
blaze-v8,game-sm-success_2-2,693200,693200,639100,1052600,5822,722
chrysalis,game-sm-success_2-2,208220,208161,207921,208578,332,3
chrysalis-aot,game-sm-success_2-2,229874,230035,229466,230120,355,3
haskell,game-sm-success_2-2,114870,114870,113203,118074,9229,0
julc-java,game-sm-success_2-2,136836,136836,136836,136836,0,1
llvm-uplc-jit,game-sm-success_2-2,54354,53939,51869,133731,1676,91894
opshin,game-sm-success_2-2,84520000,84520000,81790000,107130000,6670000,24
plutigo,game-sm-success_2-2,113690,113690,0,0,0,52803
plutuz,game-sm-success_2-2,192920,192239,188385,265948,3716,10000
scalus-cek,game-sm-success_2-2,157538,157538,157538,157538,0,1
scalus-jit,game-sm-success_2-2,46379,46379,46379,46379,0,1
uplc-turbo,game-sm-success_2-2,144835,144407,139678,157193,3139,100
uplc-turbo-bc,game-sm-success_2-2,108361,108282,107629,112937,604,100
blaze-jsc,game-sm-success_2-3,2118600,2118600,1848900,2643600,36863,236
blaze-v8,game-sm-success_2-3,2126700,2126700,1859000,2671800,36153,236
chrysalis,game-sm-success_2-3,881382,935074,769526,939545,96895,3
chrysalis-aot,game-sm-success_2-3,829942,828644,828552,832629,2327,3
haskell,game-sm-success_2-3,346353,346353,346211,346542,663,0
julc-java,game-sm-success_2-3,424160,424160,424160,424160,0,1
llvm-uplc-jit,game-sm-success_2-3,198778,197648,189983,299977,3364,25146
opshin,game-sm-success_2-3,287780000,287780000,280120000,312400000,11520000,20
plutigo,game-sm-success_2-3,379490,379490,0,0,0,15800
plutuz,game-sm-success_2-3,593268,591945,581848,799416,8258,8428
scalus-cek,game-sm-success_2-3,559717,559717,559717,559717,0,1
scalus-jit,game-sm-success_2-3,965840,965840,965840,965840,0,1
uplc-turbo,game-sm-success_2-3,377500,377109,371202,408571,3975,100
uplc-turbo-bc,game-sm-success_2-3,307992,294346,287413,394960,33010,100
blaze-jsc,game-sm-success_2-4,810000,810000,742500,1228400,8991,618
blaze-v8,game-sm-success_2-4,810400,810400,746800,1240300,7941,617
chrysalis,game-sm-success_2-4,230486,230795,229562,231101,814,3
chrysalis-aot,game-sm-success_2-4,258031,258112,257560,258423,436,3
haskell,game-sm-success_2-4,138523,138523,134812,143503,17991,0
julc-java,game-sm-success_2-4,158593,158593,158593,158593,0,1
llvm-uplc-jit,game-sm-success_2-4,63110,62740,60054,187504,1745,79159
opshin,game-sm-success_2-4,94310000,94310000,92400000,117930000,5170000,22
plutigo,game-sm-success_2-4,139176,139176,0,0,0,47457
plutuz,game-sm-success_2-4,273806,308625,209944,1954179,71334,10000
scalus-cek,game-sm-success_2-4,184120,184120,184120,184120,0,1
scalus-jit,game-sm-success_2-4,50714,50714,50714,50714,0,1
uplc-turbo,game-sm-success_2-4,169781,163144,154787,208703,14966,100
uplc-turbo-bc,game-sm-success_2-4,126509,126434,125307,134780,1015,100
blaze-jsc,game-sm-success_2-5,2125900,2125900,1842900,2931500,38266,236
blaze-v8,game-sm-success_2-5,2122200,2122200,1867100,2778900,35652,236
chrysalis,game-sm-success_2-5,738923,739355,737900,739515,890,3
chrysalis-aot,game-sm-success_2-5,829191,829776,826973,830823,1990,3
haskell,game-sm-success_2-5,351384,351384,346824,359880,25765,0
julc-java,game-sm-success_2-5,415180,415180,415180,415180,0,1
llvm-uplc-jit,game-sm-success_2-5,198949,198036,189049,306126,2985,25125
opshin,game-sm-success_2-5,288550000,288550000,280060000,313800000,11630000,20
plutigo,game-sm-success_2-5,378276,378276,0,0,0,15856
plutuz,game-sm-success_2-5,599794,592195,581947,1838717,44103,8337
scalus-cek,game-sm-success_2-5,636215,636215,636215,636215,0,1
scalus-jit,game-sm-success_2-5,865225,865225,865225,865225,0,1
uplc-turbo,game-sm-success_2-5,379702,378419,370377,457669,8955,100
uplc-turbo-bc,game-sm-success_2-5,302432,294330,286122,386575,25553,100
blaze-jsc,game-sm-success_2-6,814800,814800,741600,1243000,9370,615
blaze-v8,game-sm-success_2-6,808500,808500,748400,1193900,7761,619
chrysalis,game-sm-success_2-6,227391,226997,226244,228931,1386,3
chrysalis-aot,game-sm-success_2-6,258860,258599,258593,259389,457,3
haskell,game-sm-success_2-6,130198,130198,130090,130456,642,0
julc-java,game-sm-success_2-6,159296,159296,159296,159296,0,1
llvm-uplc-jit,game-sm-success_2-6,63002,62607,60190,142718,1728,79304
opshin,game-sm-success_2-6,127860000,127860000,92610000,174800000,25250000,20
plutigo,game-sm-success_2-6,126537,126537,0,0,0,47437
plutuz,game-sm-success_2-6,214257,213773,209281,299565,2969,10000
scalus-cek,game-sm-success_2-6,186448,186448,186448,186448,0,1
scalus-jit,game-sm-success_2-6,46965,46965,46965,46965,0,1
uplc-turbo,game-sm-success_2-6,164683,164813,157571,170943,3133,100
uplc-turbo-bc,game-sm-success_2-6,125941,125785,124786,134511,1053,100
blaze-jsc,guardrail-sorted-large,1636900,1636900,1452100,2109400,20133,306
blaze-v8,guardrail-sorted-large,1747300,1747300,1468700,4485000,56437,287
chrysalis,guardrail-sorted-large,406109,406387,405287,406654,724,3
chrysalis-aot,guardrail-sorted-large,517842,519653,513613,520260,3675,3
haskell,guardrail-sorted-large,271974,271974,265461,283331,34955,0
julc-java,guardrail-sorted-large,447993,447993,447993,447993,0,1
llvm-uplc-jit,guardrail-sorted-large,222414,209117,204903,355444,32969,22474
opshin,guardrail-sorted-large,-1,-1,-1,-1,-1,0
plutigo,guardrail-sorted-large,258192,258192,0,0,0,23244
plutuz,guardrail-sorted-large,316226,315340,310540,448486,5358,10000
scalus-cek,guardrail-sorted-large,359485,359485,359485,359485,0,1
scalus-jit,guardrail-sorted-large,371104,371104,371104,371104,0,1
uplc-turbo,guardrail-sorted-large,286113,285716,283919,306264,2415,100
uplc-turbo-bc,guardrail-sorted-large,260560,245328,235859,366626,31975,100
blaze-jsc,guardrail-sorted-small,329800,329800,293300,709800,3330,1516
blaze-v8,guardrail-sorted-small,383900,383900,300400,2012100,12016,1303
chrysalis,guardrail-sorted-small,97772,97789,97376,98150,387,3
chrysalis-aot,guardrail-sorted-small,110630,110620,110495,110775,140,3
haskell,guardrail-sorted-small,43446,43446,42690,44923,4435,0
julc-java,guardrail-sorted-small,48631,48631,48631,48631,0,1
llvm-uplc-jit,guardrail-sorted-small,18386,18253,17206,57582,723,271350
opshin,guardrail-sorted-small,-1,-1,-1,-1,-1,0
plutigo,guardrail-sorted-small,63977,63977,0,0,0,103968
plutuz,guardrail-sorted-small,90783,90363,88824,130240,2088,10000
scalus-cek,guardrail-sorted-small,58507,58507,58507,58507,0,1
scalus-jit,guardrail-sorted-small,103136,103136,103136,103136,0,1
uplc-turbo,guardrail-sorted-small,63889,56838,55317,80288,9839,100
uplc-turbo-bc,guardrail-sorted-small,39309,39322,38512,40720,308,100
blaze-jsc,guardrail-unsorted-large,2185400,2185400,1962500,2636500,22946,229
blaze-v8,guardrail-unsorted-large,2180600,2180600,1979800,2650200,22896,230
chrysalis,guardrail-unsorted-large,558423,558378,558259,558631,189,3
chrysalis-aot,guardrail-unsorted-large,643617,643717,643287,643848,293,3
haskell,guardrail-unsorted-large,349612,349612,349263,350232,2004,0
julc-java,guardrail-unsorted-large,468780,468780,468780,468780,0,1
llvm-uplc-jit,guardrail-unsorted-large,262545,261558,251341,348686,4369,19040
opshin,guardrail-unsorted-large,-1,-1,-1,-1,-1,0
plutigo,guardrail-unsorted-large,329590,329590,0,0,0,18219
plutuz,guardrail-unsorted-large,411805,411292,405897,510894,4028,10000
scalus-cek,guardrail-unsorted-large,540271,540271,540271,540271,0,1
scalus-jit,guardrail-unsorted-large,395924,395924,395924,395924,0,1
uplc-turbo,guardrail-unsorted-large,342879,332257,331169,469344,33962,100
uplc-turbo-bc,guardrail-unsorted-large,306838,296349,285270,420884,34505,100
blaze-jsc,guardrail-unsorted-small,326400,326400,291800,664200,3557,1532
blaze-v8,guardrail-unsorted-small,377100,377100,294100,2101400,11878,1326
chrysalis,guardrail-unsorted-small,98304,98316,98050,98546,248,3
chrysalis-aot,guardrail-unsorted-small,105875,105862,105792,105971,89,3
haskell,guardrail-unsorted-small,45723,45723,44296,47508,6802,0
julc-java,guardrail-unsorted-small,47791,47791,47791,47791,0,1
llvm-uplc-jit,guardrail-unsorted-small,16901,16815,16065,63527,629,295173
opshin,guardrail-unsorted-small,-1,-1,-1,-1,-1,0
plutigo,guardrail-unsorted-small,56481,56481,0,0,0,106620
plutuz,guardrail-unsorted-small,89252,88926,87306,132593,1924,10000
scalus-cek,guardrail-unsorted-small,55825,55825,55825,55825,0,1
scalus-jit,guardrail-unsorted-small,109306,109306,109306,109306,0,1
uplc-turbo,guardrail-unsorted-small,57788,57758,54701,59898,742,100
uplc-turbo-bc,guardrail-unsorted-small,37936,37912,37001,39216,326,100
blaze-jsc,multisig-sm-01,1521900,1521900,1329100,2159300,29372,329
blaze-v8,multisig-sm-01,1530100,1530100,1337700,2190500,29530,327
chrysalis,multisig-sm-01,644379,674428,584195,674513,52120,3
chrysalis-aot,multisig-sm-01,595509,595616,594440,596473,1020,3
haskell,multisig-sm-01,231480,231480,226967,238597,24021,0
julc-java,multisig-sm-01,271484,271484,271484,271484,0,1
llvm-uplc-jit,multisig-sm-01,131995,131359,125264,190095,2336,37863
opshin,multisig-sm-01,-1,-1,-1,-1,-1,0
plutigo,multisig-sm-01,288701,288701,0,0,0,20793
plutuz,multisig-sm-01,462301,461264,452949,612081,5926,10000
scalus-cek,multisig-sm-01,379810,379810,379810,379810,0,1
scalus-jit,multisig-sm-01,1095573,1095573,1095573,1095573,0,1
uplc-turbo,multisig-sm-01,280968,280863,278787,290851,1548,100
uplc-turbo-bc,multisig-sm-01,202788,193298,189147,254774,21569,100
blaze-jsc,multisig-sm-02,1495000,1495000,1309900,2182300,29152,335
blaze-v8,multisig-sm-02,1493700,1493700,1317700,2194200,26587,335
chrysalis,multisig-sm-02,512034,511921,511657,512525,445,3
chrysalis-aot,multisig-sm-02,582890,581099,579870,587702,4212,3
haskell,multisig-sm-02,218309,218309,217655,221452,5249,0
julc-java,multisig-sm-02,263068,263068,263068,263068,0,1
llvm-uplc-jit,multisig-sm-02,144954,130654,123045,3127399,27253,34479
opshin,multisig-sm-02,-1,-1,-1,-1,-1,0
plutigo,multisig-sm-02,284683,284683,0,0,0,21078
plutuz,multisig-sm-02,515852,456677,447748,3783522,99268,9693
scalus-cek,multisig-sm-02,341289,341289,341289,341289,0,1
scalus-jit,multisig-sm-02,1038705,1038705,1038705,1038705,0,1
uplc-turbo,multisig-sm-02,281843,281451,276332,305149,3386,100
uplc-turbo-bc,multisig-sm-02,188816,188682,184151,195675,1896,100
blaze-jsc,multisig-sm-03,1502800,1502800,1318100,2170500,29004,333
blaze-v8,multisig-sm-03,1498000,1498000,1326300,2065400,26814,334
chrysalis,multisig-sm-03,535327,534803,532128,539048,3489,3
chrysalis-aot,multisig-sm-03,581287,581174,580870,581816,482,3
haskell,multisig-sm-03,217706,217706,217623,217827,425,0
julc-java,multisig-sm-03,264580,264580,264580,264580,0,1
llvm-uplc-jit,multisig-sm-03,132372,131394,124329,235582,3467,37755
opshin,multisig-sm-03,-1,-1,-1,-1,-1,0
plutigo,multisig-sm-03,287963,287963,0,0,0,20938
plutuz,multisig-sm-03,457529,456263,449021,584950,6755,10000
scalus-cek,multisig-sm-03,348447,348447,348447,348447,0,1
scalus-jit,multisig-sm-03,1040923,1040923,1040923,1040923,0,1
uplc-turbo,multisig-sm-03,286976,280314,276945,357465,20256,100
uplc-turbo-bc,multisig-sm-03,196853,191943,188171,251042,15813,100
blaze-jsc,multisig-sm-04,1513200,1513200,1331900,2239600,29053,331
blaze-v8,multisig-sm-04,1516800,1516800,1341700,2174300,27909,330
chrysalis,multisig-sm-04,529913,529582,529386,530771,749,3
chrysalis-aot,multisig-sm-04,584656,584228,584179,585561,783,3
haskell,multisig-sm-04,229773,229773,224883,236209,24399,0
julc-java,multisig-sm-04,265692,265692,265692,265692,0,1
llvm-uplc-jit,multisig-sm-04,141528,132534,125179,390750,17712,35314
opshin,multisig-sm-04,-1,-1,-1,-1,-1,0
plutigo,multisig-sm-04,318298,318298,0,0,0,17618
plutuz,multisig-sm-04,461014,459869,452655,645313,6189,10000
scalus-cek,multisig-sm-04,397421,397421,397421,397421,0,1
scalus-jit,multisig-sm-04,1062071,1062071,1062071,1062071,0,1
uplc-turbo,multisig-sm-04,285043,285013,278892,301024,3017,100
uplc-turbo-bc,multisig-sm-04,194294,194062,190131,204134,2214,100
blaze-jsc,multisig-sm-05,1937300,1937300,1704100,2603900,32740,259
blaze-v8,multisig-sm-05,1977400,1977400,1715900,3201800,37570,253
chrysalis,multisig-sm-05,707534,707336,706278,708988,1365,3
chrysalis-aot,multisig-sm-05,787970,787636,787464,788811,732,3
haskell,multisig-sm-05,308139,308139,306145,313670,12645,0
julc-java,multisig-sm-05,429407,429407,429407,429407,0,1
llvm-uplc-jit,multisig-sm-05,181339,180274,172262,285222,3385,27564
opshin,multisig-sm-05,-1,-1,-1,-1,-1,0
plutigo,multisig-sm-05,359371,359371,0,0,0,16689
plutuz,multisig-sm-05,573904,572847,563714,754326,6489,8713
scalus-cek,multisig-sm-05,509294,509294,509294,509294,0,1
scalus-jit,multisig-sm-05,1481336,1481336,1481336,1481336,0,1
uplc-turbo,multisig-sm-05,357624,351262,344145,436084,21501,100
uplc-turbo-bc,multisig-sm-05,270342,259056,253210,361915,27843,100
blaze-jsc,multisig-sm-06,1529600,1529600,1322900,2181900,31050,327
blaze-v8,multisig-sm-06,1523000,1523000,1334300,2171900,28784,329
chrysalis,multisig-sm-06,535223,534517,534288,536863,1424,3
chrysalis-aot,multisig-sm-06,595694,595389,594561,597132,1312,3
haskell,multisig-sm-06,222027,222027,221967,222114,309,0
julc-java,multisig-sm-06,270189,270189,270189,270189,0,1
llvm-uplc-jit,multisig-sm-06,132747,132032,125135,228359,2559,37649
opshin,multisig-sm-06,-1,-1,-1,-1,-1,0
plutigo,multisig-sm-06,288983,288983,0,0,0,20734
plutuz,multisig-sm-06,462962,461813,454687,573908,5692,10000
scalus-cek,multisig-sm-06,343659,343659,343659,343659,0,1
scalus-jit,multisig-sm-06,1076192,1076192,1076192,1076192,0,1
uplc-turbo,multisig-sm-06,282838,282526,279146,307192,3109,100
uplc-turbo-bc,multisig-sm-06,193726,193371,189237,204416,2460,100
blaze-jsc,multisig-sm-07,1489100,1489100,1307800,2147800,28590,336
blaze-v8,multisig-sm-07,1491900,1491900,1319700,2085000,26406,336
chrysalis,multisig-sm-07,527950,526961,526422,530467,2196,3
chrysalis-aot,multisig-sm-07,584290,584364,584058,584448,205,3
haskell,multisig-sm-07,238342,238342,231885,247312,32810,0
julc-java,multisig-sm-07,266020,266020,266020,266020,0,1
llvm-uplc-jit,multisig-sm-07,131500,130825,123207,389611,3026,38005
opshin,multisig-sm-07,-1,-1,-1,-1,-1,0
plutigo,multisig-sm-07,286954,286954,0,0,0,21121
plutuz,multisig-sm-07,455850,454529,447601,865571,8380,10000
scalus-cek,multisig-sm-07,345907,345907,345907,345907,0,1
scalus-jit,multisig-sm-07,1019755,1019755,1019755,1019755,0,1
uplc-turbo,multisig-sm-07,289316,280985,276723,375440,22621,100
uplc-turbo-bc,multisig-sm-07,194200,189390,185328,248342,15712,100
blaze-jsc,multisig-sm-08,1498700,1498700,1318400,2151200,28625,334
blaze-v8,multisig-sm-08,1499700,1499700,1329700,2210000,27294,334
chrysalis,multisig-sm-08,521963,521794,521159,522936,900,3
chrysalis-aot,multisig-sm-08,581566,581667,580974,582057,548,3
haskell,multisig-sm-08,220566,220566,218574,225690,11760,0
julc-java,multisig-sm-08,265122,265122,265122,265122,0,1
llvm-uplc-jit,multisig-sm-08,132561,131860,124758,279839,2602,37702
opshin,multisig-sm-08,-1,-1,-1,-1,-1,0
plutigo,multisig-sm-08,312721,312721,0,0,0,17929
plutuz,multisig-sm-08,456186,455105,448263,552146,5408,10000
scalus-cek,multisig-sm-08,338646,338646,338646,338646,0,1
scalus-jit,multisig-sm-08,1039610,1039610,1039610,1039610,0,1
uplc-turbo,multisig-sm-08,280602,280454,276848,292814,2052,100
uplc-turbo-bc,multisig-sm-08,188643,188492,185671,196449,1446,100
blaze-jsc,multisig-sm-09,1516200,1516200,1329500,2251300,29869,330
blaze-v8,multisig-sm-09,1515700,1515700,1340700,2211700,27737,330
chrysalis,multisig-sm-09,539915,540291,538372,541081,1393,3
chrysalis-aot,multisig-sm-09,586951,587436,585046,588372,1715,3
haskell,multisig-sm-09,221136,221136,220183,224817,7673,0
julc-java,multisig-sm-09,268569,268569,268569,268569,0,1
llvm-uplc-jit,multisig-sm-09,146356,133796,130879,1346483,20943,34148
opshin,multisig-sm-09,-1,-1,-1,-1,-1,0
plutigo,multisig-sm-09,288179,288179,0,0,0,20817
plutuz,multisig-sm-09,498669,460656,452236,3600664,91268,10000
scalus-cek,multisig-sm-09,346144,346144,346144,346144,0,1
scalus-jit,multisig-sm-09,1075884,1075884,1075884,1075884,0,1
uplc-turbo,multisig-sm-09,291237,283569,279614,356922,21107,100
uplc-turbo-bc,multisig-sm-09,199422,193148,189020,251887,17430,100
blaze-jsc,multisig-sm-10,1934700,1934700,1704100,2487000,32889,259
blaze-v8,multisig-sm-10,1959600,1959600,1720500,2609300,34293,256
chrysalis,multisig-sm-10,704995,703160,702456,709369,3804,3
chrysalis-aot,multisig-sm-10,776812,777001,776382,777053,373,3
haskell,multisig-sm-10,304990,304990,304862,305173,663,0
julc-java,multisig-sm-10,381432,381432,381432,381432,0,1
llvm-uplc-jit,multisig-sm-10,182306,181427,172058,283251,3250,27417
opshin,multisig-sm-10,-1,-1,-1,-1,-1,0
plutigo,multisig-sm-10,360573,360573,0,0,0,16650
plutuz,multisig-sm-10,598044,573624,563547,917833,69746,8361
scalus-cek,multisig-sm-10,568727,568727,568727,568727,0,1
scalus-jit,multisig-sm-10,1407762,1407762,1407762,1407762,0,1
uplc-turbo,multisig-sm-10,352913,352086,346842,372654,4266,100
uplc-turbo-bc,multisig-sm-10,259851,259350,252656,289563,4212,100
blaze-jsc,ping-pong-1,1265200,1265200,1110000,1880200,23659,396
blaze-v8,ping-pong-1,1254400,1254400,1117400,1918300,20823,399
chrysalis,ping-pong-1,433172,433801,431363,434350,1589,3
chrysalis-aot,ping-pong-1,543803,531969,511284,588156,39779,3
haskell,ping-pong-1,186003,186003,184373,190219,10262,0
julc-java,ping-pong-1,245355,245355,245355,245355,0,1
llvm-uplc-jit,ping-pong-1,122175,109547,103711,1851761,25349,40902
opshin,ping-pong-1,167380000,167380000,160880000,189300000,10860000,20
plutigo,ping-pong-1,234745,234745,0,0,0,25603
plutuz,ping-pong-1,383685,382579,376524,484863,5211,10000
scalus-cek,ping-pong-1,288332,288332,288332,288332,0,1
scalus-jit,ping-pong-1,586123,586123,586123,586123,0,1
uplc-turbo,ping-pong-1,263710,250302,243472,291969,20055,100
uplc-turbo-bc,ping-pong-1,161040,157136,153109,206451,12605,100
blaze-jsc,ping-pong-2,1254300,1254300,1109400,1843700,22451,399
blaze-v8,ping-pong-2,1261000,1261000,1117500,1920200,21437,397
chrysalis,ping-pong-2,434976,435078,434364,435488,568,3
chrysalis-aot,ping-pong-2,480656,480175,479911,481881,1069,3
haskell,ping-pong-2,185785,185785,184282,189533,8927,0
julc-java,ping-pong-2,216858,216858,216858,216858,0,1
llvm-uplc-jit,ping-pong-2,111534,111239,103719,221123,3000,44804
opshin,ping-pong-2,166800000,166800000,160600000,188370000,10410000,20
plutigo,ping-pong-2,236755,236755,0,0,0,25369
plutuz,ping-pong-2,383311,382254,376205,555852,5346,10000
scalus-cek,ping-pong-2,306736,306736,306736,306736,0,1
scalus-jit,ping-pong-2,607492,607492,607492,607492,0,1
uplc-turbo,ping-pong-2,243279,243384,233123,252917,3405,100
uplc-turbo-bc,ping-pong-2,156225,155682,152550,166274,2432,100
blaze-jsc,ping-pong_2-1,906300,906300,806200,1621000,16404,553
blaze-v8,ping-pong_2-1,901600,901600,811900,1572900,14876,555
chrysalis,ping-pong_2-1,308877,308778,308556,309298,380,3
chrysalis-aot,ping-pong_2-1,334391,334339,333987,334845,431,3
haskell,ping-pong_2-1,115284,115284,115246,115338,198,0
julc-java,ping-pong_2-1,132081,132081,132081,132081,0,1
llvm-uplc-jit,ping-pong_2-1,68809,68443,64283,143121,1799,72610
opshin,ping-pong_2-1,120720000,120720000,114380000,145400000,11200000,20
plutigo,ping-pong_2-1,179909,179909,0,0,0,33324
plutuz,ping-pong_2-1,291083,289986,284580,353921,5332,10000
scalus-cek,ping-pong_2-1,170935,170935,170935,170935,0,1
scalus-jit,ping-pong_2-1,300500,300500,300500,300500,0,1
uplc-turbo,ping-pong_2-1,189221,184954,179768,233831,12082,100
uplc-turbo-bc,ping-pong_2-1,106486,101360,100162,148430,11916,100
blaze-jsc,prism-1,600900,600900,543700,1079900,7030,833
blaze-v8,prism-1,595900,595900,546600,1062500,5541,840
chrysalis,prism-1,177874,177928,177585,178111,266,3
chrysalis-aot,prism-1,199950,199902,199642,200306,334,3
haskell,prism-1,94726,94726,93824,97197,5599,0
julc-java,prism-1,114361,114361,114361,114361,0,1
llvm-uplc-jit,prism-1,45477,45148,42579,92602,1413,109836
opshin,prism-1,72580000,72580000,69990000,96950000,6420000,28
plutigo,prism-1,111650,111650,0,0,0,52659
plutuz,prism-1,169157,168682,165609,260042,3011,10000
scalus-cek,prism-1,129439,129439,129439,129439,0,1
scalus-jit,prism-1,20942,20942,20942,20942,0,1
uplc-turbo,prism-1,126140,125858,119614,133404,2438,100
uplc-turbo-bc,prism-1,92222,92124,91502,95821,568,100
blaze-jsc,prism-2,1480300,1480300,1337500,2205200,23684,338
blaze-v8,prism-2,1482400,1482400,1350700,2175600,21643,338
chrysalis,prism-2,508570,508231,507504,509974,1269,3
chrysalis-aot,prism-2,578199,578166,577404,579026,811,3
haskell,prism-2,229143,229143,227111,234303,12017,0
julc-java,prism-2,279099,279099,279099,279099,0,1
llvm-uplc-jit,prism-2,134110,133248,125212,257574,2828,37265
opshin,prism-2,197390000,197390000,190970000,220950000,10700000,20
plutigo,prism-2,276759,276759,0,0,0,21679
plutuz,prism-2,449303,448074,440625,731935,6769,10000
scalus-cek,prism-2,353607,353607,353607,353607,0,1
scalus-jit,prism-2,690266,690266,690266,690266,0,1
uplc-turbo,prism-2,298746,287086,282794,363876,26623,100
uplc-turbo-bc,prism-2,201397,199543,197203,264716,8394,100
blaze-jsc,prism-3,1692500,1692500,1566600,2065000,20479,296
blaze-v8,prism-3,1206000,1206000,1106000,1675200,13748,415
chrysalis,prism-3,396709,396982,396158,396988,477,3
chrysalis-aot,prism-3,448469,447362,446872,451172,2353,3
haskell,prism-3,200753,200753,200682,200895,416,0
julc-java,prism-3,246421,246421,246421,246421,0,1
llvm-uplc-jit,prism-3,113063,112566,106753,195684,2178,44198
opshin,prism-3,159030000,159030000,155240000,182480000,7860000,20
plutigo,prism-3,205696,205696,0,0,0,29127
plutuz,prism-3,395261,336660,326580,3054327,95432,10000
scalus-cek,prism-3,318661,318661,318661,318661,0,1
scalus-jit,prism-3,107500,107500,107500,107500,0,1
uplc-turbo,prism-3,229453,229651,222563,237790,2898,100
uplc-turbo-bc,prism-3,184506,184079,181475,198501,2474,100
blaze-jsc,pubkey-1,728500,728500,477100,4764900,19086,687
blaze-v8,pubkey-1,519000,519000,475500,988800,4619,964
chrysalis,pubkey-1,163056,161949,161536,165683,2284,3
chrysalis-aot,pubkey-1,174995,175063,174695,175228,273,3
haskell,pubkey-1,82574,82574,81761,84659,5223,0
julc-java,pubkey-1,102061,102061,102061,102061,0,1
llvm-uplc-jit,pubkey-1,39660,39241,36786,620622,2104,125927
opshin,pubkey-1,64340000,64340000,62030000,87590000,5830000,32
plutigo,pubkey-1,91123,91123,0,0,0,65886
plutuz,pubkey-1,153051,152597,149836,203989,2629,10000
scalus-cek,pubkey-1,109833,109833,109833,109833,0,1
scalus-jit,pubkey-1,17959,17959,17959,17959,0,1
uplc-turbo,pubkey-1,112343,110115,103368,135838,7308,100
uplc-turbo-bc,pubkey-1,79059,76338,75851,106411,7607,100
blaze-jsc,stablecoin_1-1,8137000,8137000,7525400,8952400,113918,62
blaze-v8,stablecoin_1-1,5692000,5692000,5170900,6281000,80826,88
chrysalis,stablecoin_1-1,1189705,1189120,1186902,1193095,3138,3
chrysalis-aot,stablecoin_1-1,1279785,1279681,1279216,1280457,626,3
haskell,stablecoin_1-1,550538,550538,546453,560359,25512,0
julc-java,stablecoin_1-1,786593,786593,786593,786593,0,1
llvm-uplc-jit,stablecoin_1-1,310680,308387,297364,465759,6345,16091
opshin,stablecoin_1-1,-1,-1,-1,-1,-1,0
plutigo,stablecoin_1-1,594592,594592,0,0,0,10000
plutuz,stablecoin_1-1,1064592,1062433,1051109,1341484,10223,4697
scalus-cek,stablecoin_1-1,958340,958340,958340,958340,0,1
scalus-jit,stablecoin_1-1,3835840,3835840,3835840,3835840,0,1
uplc-turbo,stablecoin_1-1,589357,588474,585797,627064,4464,100
uplc-turbo-bc,stablecoin_1-1,453445,453101,448743,472454,2577,100
blaze-jsc,stablecoin_1-2,757100,757100,625900,1774900,12567,661
blaze-v8,stablecoin_1-2,687200,687200,630800,1143300,6390,728
chrysalis,stablecoin_1-2,204452,204673,203540,205144,824,3
chrysalis-aot,stablecoin_1-2,226150,226060,225411,226978,787,3
haskell,stablecoin_1-2,110531,110531,110462,110768,478,0
julc-java,stablecoin_1-2,135845,135845,135845,135845,0,1
llvm-uplc-jit,stablecoin_1-2,55210,54838,52506,136939,1623,90477
opshin,stablecoin_1-2,83430000,83430000,80810000,106200000,6810000,24
plutigo,stablecoin_1-2,112822,112822,0,0,0,53337
plutuz,stablecoin_1-2,190298,189784,185980,252076,3051,10000
scalus-cek,stablecoin_1-2,156970,156970,156970,156970,0,1
scalus-jit,stablecoin_1-2,40781,40781,40781,40781,0,1
uplc-turbo,stablecoin_1-2,145887,145763,139237,157177,2913,100
uplc-turbo-bc,stablecoin_1-2,109456,109314,108048,115186,865,100
blaze-jsc,stablecoin_1-3,6188000,6188000,5599300,7322700,94057,81
blaze-v8,stablecoin_1-3,6159300,6159300,5614200,6996600,89309,82
chrysalis,stablecoin_1-3,1482750,1369996,1362867,1715386,201500,3
chrysalis-aot,stablecoin_1-3,1697712,1793575,1480838,1818723,188238,3
haskell,stablecoin_1-3,630141,630141,623675,642684,37420,0
julc-java,stablecoin_1-3,963522,963522,963522,963522,0,1
llvm-uplc-jit,stablecoin_1-3,339282,337834,326927,474756,4795,14735
opshin,stablecoin_1-3,-1,-1,-1,-1,-1,0
plutigo,stablecoin_1-3,604806,604806,0,0,0,9733
plutuz,stablecoin_1-3,1198921,1196399,1183936,1595487,12679,4171
scalus-cek,stablecoin_1-3,983675,983675,983675,983675,0,1
scalus-jit,stablecoin_1-3,3847866,3847866,3847866,3847866,0,1
uplc-turbo,stablecoin_1-3,653878,653456,649664,683925,3998,100
uplc-turbo-bc,stablecoin_1-3,517941,516883,512984,606068,9257,100
blaze-jsc,stablecoin_1-4,734000,734000,658900,1146400,8000,682
blaze-v8,stablecoin_1-4,730500,730500,662700,1150500,6647,685
chrysalis,stablecoin_1-4,212352,212149,211650,213256,821,3
chrysalis-aot,stablecoin_1-4,236878,236951,236349,237334,496,3
haskell,stablecoin_1-4,118386,118386,117171,121430,7166,0
julc-java,stablecoin_1-4,141942,141942,141942,141942,0,1
llvm-uplc-jit,stablecoin_1-4,58232,57795,54791,132389,1755,85784
opshin,stablecoin_1-4,87390000,87390000,84640000,109670000,6850000,23
plutigo,stablecoin_1-4,117041,117041,0,0,0,51306
plutuz,stablecoin_1-4,198260,197660,194008,309099,3720,10000
scalus-cek,stablecoin_1-4,170130,170130,170130,170130,0,1
scalus-jit,stablecoin_1-4,48090,48090,48090,48090,0,1
uplc-turbo,stablecoin_1-4,151321,150997,146210,163557,3234,100
uplc-turbo-bc,stablecoin_1-4,119514,115624,114709,156340,11481,100
blaze-jsc,stablecoin_1-5,7300900,7300900,6463300,7958300,75199,69
blaze-v8,stablecoin_1-5,7326700,7326700,6510300,7980900,80593,69
chrysalis,stablecoin_1-5,1675109,1674106,1673838,1677382,1973,3
chrysalis-aot,stablecoin_1-5,1806625,1806600,1805963,1807313,675,3
haskell,stablecoin_1-5,782749,782749,781717,784543,5905,0
julc-java,stablecoin_1-5,1188887,1188887,1188887,1188887,0,1
llvm-uplc-jit,stablecoin_1-5,392395,390928,375900,590540,6386,12741
opshin,stablecoin_1-5,-1,-1,-1,-1,-1,0
plutigo,stablecoin_1-5,738354,738354,0,0,0,7952
plutuz,stablecoin_1-5,1468364,1465724,1451265,1805210,13227,3406
scalus-cek,stablecoin_1-5,1231752,1231752,1231752,1231752,0,1
scalus-jit,stablecoin_1-5,3859569,3859569,3859569,3859569,0,1
uplc-turbo,stablecoin_1-5,803966,786815,783454,1019513,57588,100
uplc-turbo-bc,stablecoin_1-5,652580,651935,649009,681278,3559,100
blaze-jsc,stablecoin_1-6,876100,876100,806500,1255000,9023,571
blaze-v8,stablecoin_1-6,990500,990500,810400,8245699,35558,506
chrysalis,stablecoin_1-6,248870,248566,248341,249702,729,3
chrysalis-aot,stablecoin_1-6,281009,280998,280583,281447,432,3
haskell,stablecoin_1-6,145484,145484,143898,149231,9887,0
julc-java,stablecoin_1-6,180567,180567,180567,180567,0,1
llvm-uplc-jit,stablecoin_1-6,71791,71418,67117,147272,1700,69591
opshin,stablecoin_1-6,102820000,102820000,100710000,127240000,5620000,20
plutigo,stablecoin_1-6,135809,135809,0,0,0,44157
plutuz,stablecoin_1-6,228875,228331,223930,339053,3297,10000
scalus-cek,stablecoin_1-6,201574,201574,201574,201574,0,1
scalus-jit,stablecoin_1-6,62459,62459,62459,62459,0,1
uplc-turbo,stablecoin_1-6,184166,184236,176829,193623,2956,100
uplc-turbo-bc,stablecoin_1-6,145462,141272,140278,190752,13107,100
blaze-jsc,stablecoin_2-1,5717000,5717000,5150700,6440300,88041,88
blaze-v8,stablecoin_2-1,8131200,8131200,7544700,9030100,118715,62
chrysalis,stablecoin_2-1,1181901,1180942,1179098,1185664,3386,3
chrysalis-aot,stablecoin_2-1,1280252,1279019,1278153,1283584,2917,3
haskell,stablecoin_2-1,550541,550541,546117,560967,25570,0
julc-java,stablecoin_2-1,788167,788167,788167,788167,0,1
llvm-uplc-jit,stablecoin_2-1,310556,308816,296911,663263,5840,16097
opshin,stablecoin_2-1,-1,-1,-1,-1,-1,0
plutigo,stablecoin_2-1,592330,592330,0,0,0,10000
plutuz,stablecoin_2-1,1063789,1061964,1050708,1297759,8973,4701
scalus-cek,stablecoin_2-1,851334,851334,851334,851334,0,1
scalus-jit,stablecoin_2-1,3823405,3823405,3823405,3823405,0,1
uplc-turbo,stablecoin_2-1,589378,588601,584394,631212,4861,100
uplc-turbo-bc,stablecoin_2-1,451967,451814,447322,467267,2232,100
blaze-jsc,stablecoin_2-2,689900,689900,626800,1088400,7726,725
blaze-v8,stablecoin_2-2,976000,976000,632200,6272300,29768,513
chrysalis,stablecoin_2-2,205130,205499,203932,205961,1063,3
chrysalis-aot,stablecoin_2-2,255007,247356,228729,288938,30825,3
haskell,stablecoin_2-2,110802,110802,110771,110836,140,0
julc-java,stablecoin_2-2,135502,135502,135502,135502,0,1
llvm-uplc-jit,stablecoin_2-2,55244,54847,52145,112397,1747,90414
opshin,stablecoin_2-2,109850000,109850000,80780000,155470000,22530000,20
plutigo,stablecoin_2-2,112974,112974,0,0,0,53352
plutuz,stablecoin_2-2,190234,189728,186029,271175,3031,10000
scalus-cek,stablecoin_2-2,154757,154757,154757,154757,0,1
scalus-jit,stablecoin_2-2,42431,42431,42431,42431,0,1
uplc-turbo,stablecoin_2-2,146735,145396,140155,170321,5473,100
uplc-turbo-bc,stablecoin_2-2,116868,109257,108111,165461,15526,100
blaze-jsc,stablecoin_2-3,6289600,6289600,5602800,10194600,150950,80
blaze-v8,stablecoin_2-3,8848700,8848700,8188400,9689400,127421,57
chrysalis,stablecoin_2-3,1365779,1363738,1362463,1371135,4682,3
chrysalis-aot,stablecoin_2-3,1456095,1457812,1452247,1458227,3339,3
haskell,stablecoin_2-3,631230,631230,624745,643365,38910,0
julc-java,stablecoin_2-3,1000329,1000329,1000329,1000329,0,1
llvm-uplc-jit,stablecoin_2-3,343275,338170,326460,897259,19154,14563
opshin,stablecoin_2-3,-1,-1,-1,-1,-1,0
plutigo,stablecoin_2-3,609342,609342,0,0,0,9480
plutuz,stablecoin_2-3,1275750,1196046,1182521,3295780,158044,3920
scalus-cek,stablecoin_2-3,992070,992070,992070,992070,0,1
scalus-jit,stablecoin_2-3,3915825,3915825,3915825,3915825,0,1
uplc-turbo,stablecoin_2-3,669660,652762,648270,867641,51759,100
uplc-turbo-bc,stablecoin_2-3,519901,519083,514212,560282,5146,100
blaze-jsc,stablecoin_2-4,732100,732100,656300,1119500,8126,683
blaze-v8,stablecoin_2-4,731500,731500,663600,1097700,6729,684
chrysalis,stablecoin_2-4,217644,217347,217010,218576,824,3
chrysalis-aot,stablecoin_2-4,237283,237575,236393,237881,785,3
haskell,stablecoin_2-4,118444,118444,117544,121935,6861,0
julc-java,stablecoin_2-4,142043,142043,142043,142043,0,1
llvm-uplc-jit,stablecoin_2-4,58883,58445,55546,177049,2019,84836
opshin,stablecoin_2-4,88000000,88000000,84590000,109910000,7410000,23
plutigo,stablecoin_2-4,117130,117130,0,0,0,51111
plutuz,stablecoin_2-4,220057,198610,193843,320349,38440,10000
scalus-cek,stablecoin_2-4,185273,185273,185273,185273,0,1
scalus-jit,stablecoin_2-4,41603,41603,41603,41603,0,1
uplc-turbo,stablecoin_2-4,154584,154625,146439,161927,2487,100
uplc-turbo-bc,stablecoin_2-4,120241,116446,115812,154448,11073,100
blaze-jsc,token-account-1,693500,693500,623200,1270500,9223,721
blaze-v8,token-account-1,691700,691700,630900,1255200,7677,723
chrysalis,token-account-1,241016,240885,240734,241429,365,3
chrysalis-aot,token-account-1,265033,264931,264482,265687,609,3
haskell,token-account-1,103555,103555,103499,103641,293,0
julc-java,token-account-1,125603,125603,125603,125603,0,1
llvm-uplc-jit,token-account-1,68580,60745,58140,1236607,18885,72843
opshin,token-account-1,92810000,92810000,90180000,114720000,6930000,22
plutigo,token-account-1,140422,140422,0,0,0,45468
plutuz,token-account-1,207807,207140,203536,289208,3251,10000
scalus-cek,token-account-1,161090,161090,161090,161090,0,1
scalus-jit,token-account-1,59222,59222,59222,59222,0,1
uplc-turbo,token-account-1,141025,136989,135279,181399,10653,100
uplc-turbo-bc,token-account-1,95608,95354,94613,104768,1133,100
blaze-jsc,token-account-2,1065000,1065000,973000,1532100,12141,470
blaze-v8,token-account-2,1057600,1057600,981200,1434300,9729,473
chrysalis,token-account-2,354489,354185,353986,355297,706,3
chrysalis-aot,token-account-2,402081,401982,401077,403184,1056,3
haskell,token-account-2,184342,184342,181590,189055,15567,0
julc-java,token-account-2,208066,208066,208066,208066,0,1
llvm-uplc-jit,token-account-2,101152,100572,96276,209051,2668,49400
opshin,token-account-2,147850000,147850000,145260000,170560000,5450000,20
plutigo,token-account-2,187103,187103,0,0,0,32052
plutuz,token-account-2,290985,289195,283381,394272,7904,10000
scalus-cek,token-account-2,274494,274494,274494,274494,0,1
scalus-jit,token-account-2,65323,65323,65323,65323,0,1
uplc-turbo,token-account-2,209361,209133,197451,234248,3557,100
uplc-turbo-bc,token-account-2,172557,162417,159338,218981,21101,100
blaze-jsc,uniswap-1,1265500,1265500,1142500,1690200,15565,396
blaze-v8,uniswap-1,1256900,1256900,1145500,1659200,13197,398
chrysalis,uniswap-1,446542,445877,445699,448049,1308,3
chrysalis-aot,uniswap-1,522653,521046,517670,529242,5951,3
haskell,uniswap-1,215802,215802,213443,220784,14217,0
julc-java,uniswap-1,251035,251035,251035,251035,0,1
llvm-uplc-jit,uniswap-1,121170,120577,115834,231358,2888,41243
opshin,uniswap-1,189570000,189570000,186160000,212260000,7460000,20
plutigo,uniswap-1,226902,226902,0,0,0,26389
plutuz,uniswap-1,341801,340480,334497,447835,7798,10000
scalus-cek,uniswap-1,355513,355513,355513,355513,0,1
scalus-jit,uniswap-1,83407,83407,83407,83407,0,1
uplc-turbo,uniswap-1,230837,220832,216381,280844,22112,100
uplc-turbo-bc,uniswap-1,186060,185836,181795,198730,2479,100
blaze-jsc,uniswap-2,818100,818100,729100,1311300,11044,612
blaze-v8,uniswap-2,812800,812800,737900,1201100,8859,616
chrysalis,uniswap-2,264690,264812,263977,265281,660,3
chrysalis-aot,uniswap-2,300584,300384,300336,301032,388,3
haskell,uniswap-2,122473,122473,122391,122613,441,0
julc-java,uniswap-2,152512,152512,152512,152512,0,1
llvm-uplc-jit,uniswap-2,70139,69682,66102,144770,1958,71230
opshin,uniswap-2,104320000,104320000,101150000,127800000,7820000,20
plutigo,uniswap-2,141735,141735,0,0,0,42332
plutuz,uniswap-2,231955,231138,227088,282242,4028,10000
scalus-cek,uniswap-2,186829,186829,186829,186829,0,1
scalus-jit,uniswap-2,56026,56026,56026,56026,0,1
uplc-turbo,uniswap-2,155729,155418,154452,172409,1814,100
uplc-turbo-bc,uniswap-2,117890,114436,113805,158790,10847,100
blaze-jsc,uniswap-3,5631600,5631600,5270000,6142600,41673,89
blaze-v8,uniswap-3,5655100,5655100,5326900,6311800,39020,89
chrysalis,uniswap-3,1702309,1701955,1700560,1704411,1949,3
chrysalis-aot,uniswap-3,1957811,1960942,1951209,1961281,5719,3
haskell,uniswap-3,980645,980645,962502,1003183,92694,0
julc-java,uniswap-3,1213097,1213097,1213097,1213097,0,1
llvm-uplc-jit,uniswap-3,438518,437317,414768,523589,5615,11401
opshin,uniswap-3,688340000,688340000,643450000,953230000,86610000,20
plutigo,uniswap-3,899612,899612,0,0,0,6540
plutuz,uniswap-3,1385248,1381773,1361946,1631963,16004,3610
scalus-cek,uniswap-3,1434365,1434365,1434365,1434365,0,1
scalus-jit,uniswap-3,1252067,1252067,1252067,1252067,0,1
uplc-turbo,uniswap-3,863483,843757,829761,1067942,60759,100
uplc-turbo-bc,uniswap-3,747967,746628,737818,813294,8375,100
blaze-jsc,uniswap-4,1117500,1117500,1042500,2508300,11286,448
blaze-v8,uniswap-4,1123500,1123500,1046100,1446800,9999,446
chrysalis,uniswap-4,344527,324211,321519,387850,37543,3
chrysalis-aot,uniswap-4,360346,360473,359975,360591,327,3
haskell,uniswap-4,187543,187543,185015,192572,14803,0
julc-java,uniswap-4,231172,231172,231172,231172,0,1
llvm-uplc-jit,uniswap-4,93622,93143,87736,162511,2118,53373
opshin,uniswap-4,130080000,130080000,127610000,153320000,5360000,20
plutigo,uniswap-4,169949,169949,0,0,0,35290
plutuz,uniswap-4,286655,285763,281349,499509,5599,10000
scalus-cek,uniswap-4,273458,273458,273458,273458,0,1
scalus-jit,uniswap-4,65874,65874,65874,65874,0,1
uplc-turbo,uniswap-4,236107,236543,217919,247951,5363,100
uplc-turbo-bc,uniswap-4,192973,185236,183764,249125,19806,100
blaze-jsc,uniswap-5,3876200,3876200,3342000,4511200,54266,129
blaze-v8,uniswap-5,3893200,3893200,3361400,4508900,55283,129
chrysalis,uniswap-5,1167993,1169121,1163728,1171130,3827,3
chrysalis-aot,uniswap-5,1336786,1337642,1333687,1339028,2771,3
haskell,uniswap-5,641018,641018,640145,642386,4538,0
julc-java,uniswap-5,720423,720423,720423,720423,0,1
llvm-uplc-jit,uniswap-5,306021,304701,289645,418802,4125,16335
opshin,uniswap-5,444920000,444920000,435750000,468470000,12380000,20
plutigo,uniswap-5,685646,685646,0,0,0,9566
plutuz,uniswap-5,1077181,948421,931570,5893317,210128,4642
scalus-cek,uniswap-5,932340,932340,932340,932340,0,1
scalus-jit,uniswap-5,1173799,1173799,1173799,1173799,0,1
uplc-turbo,uniswap-5,629024,628837,615112,669951,6049,100
uplc-turbo-bc,uniswap-5,516264,515709,510076,536902,4216,100
blaze-jsc,uniswap-6,1067600,1067600,996300,1508400,9074,469
blaze-v8,uniswap-6,1080500,1080500,1003400,1523100,9832,463
chrysalis,uniswap-6,312135,312255,310507,313642,1570,3
chrysalis-aot,uniswap-6,366670,351775,350726,397508,26711,3
haskell,uniswap-6,182415,182415,178763,188918,20205,0
julc-java,uniswap-6,226361,226361,226361,226361,0,1
llvm-uplc-jit,uniswap-6,102437,90674,84051,1887194,21624,48780
opshin,uniswap-6,126700000,126700000,124010000,151330000,5690000,20
plutigo,uniswap-6,165521,165521,0,0,0,36244
plutuz,uniswap-6,277037,276324,271410,424592,4431,10000
scalus-cek,uniswap-6,289234,289234,289234,289234,0,1
scalus-jit,uniswap-6,72979,72979,72979,72979,0,1
uplc-turbo,uniswap-6,222643,222379,215474,233986,3283,100
uplc-turbo-bc,uniswap-6,181181,176023,174621,236790,16305,100
blaze-jsc,vesting-1,1160700,1160700,1053400,1753700,14973,431
blaze-v8,vesting-1,1165900,1165900,1055500,1611500,15156,430
chrysalis,vesting-1,409411,408391,408360,411480,1792,3
chrysalis-aot,vesting-1,459002,458858,458525,459622,562,3
haskell,vesting-1,196956,196956,194741,201299,13246,0
julc-java,vesting-1,212934,212934,212934,212934,0,1
llvm-uplc-jit,vesting-1,116764,116056,110507,217156,2557,42800
opshin,vesting-1,163140000,163140000,157920000,184410000,8720000,20
plutigo,vesting-1,212586,212586,0,0,0,28188
plutuz,vesting-1,334325,330942,324509,466074,12850,10000
scalus-cek,vesting-1,308251,308251,308251,308251,0,1
scalus-jit,vesting-1,282369,282369,282369,282369,0,1
uplc-turbo,vesting-1,220646,213702,211159,271873,17954,100
uplc-turbo-bc,vesting-1,160192,160035,159136,169711,1057,100
